ticker,name,source,price,sma150,sma50,slope,stage,action,vol,vol50,vol_ratio,volume_confirmed,extended_pct,score,avg_dollar_vol,asof
ACMR,ACMR,index,83.58,71.4755,76.6455,0.261746,Stage 2 (Advancing),BUY / HOLD,1404765,1029571,1.3644,True,0.0905,112.0,86051571.0,2026-10-01
SNX,SNX,index,271.76,234.0914,258.0842,0.635955,Stage 2 (Advancing),BUY / HOLD,1172860,819213,1.4317,True,0.053,108.73,222629387.0,2026-10-01
LITE,LITE,index,1045.78,841.8034,873.9899,3.935649,Stage 2 (Advancing),BUY / HOLD,7460083,4807661,1.5517,True,0.1966,108.0,5027756552.0,2026-10-01
VIAV,VIAV,index,44.78,41.6045,38.1932,0.186019,Stage 2 (Advancing),BUY / HOLD,7251533,5109064,1.4193,True,0.1725,108.0,228783909.0,2026-10-01
PBI,PBI,index,16.61,15.3187,17.0363,0.03993,Stage 2 (Advancing),BUY / HOLD,3315010,1700648,1.9493,True,-0.025,107.85,28247768.0,2026-10-01
MSGS,MSGS,index,399.19,366.518,397.5526,0.938361,Stage 2 (Advancing),BUY / HOLD,563701,251320,2.243,True,0.0041,107.48,100324439.0,2026-10-01
COHR,COHR,index,319.19,315.606,296.5518,1.217416,Stage 2 (Advancing),BUY / HOLD,11213633,6785894,1.6525,True,0.0763,107.0,2165989733.0,2026-10-01
GLBS,GLOBUS MARITIME LIMITED,guide,3.4,2.6646,3.4916,0.008974,Stage 2 (Advancing),BUY / HOLD,384953,170015,2.2642,True,-0.0262,107.0,578051.0,2026-10-01
BFH,BFH,index,96.94,93.6445,106.6855,0.205998,Stage 2 (Advancing),BUY / HOLD,776672,541993,1.433,True,-0.0913,104.6,52540845.0,2026-10-01
ROG,ROG,index,155.8,130.6739,131.6392,0.329891,Stage 2 (Advancing),BUY / HOLD,316680,242103,1.308,True,0.1835,103.2,37719742.0,2026-10-01
GEV,GEV,index,987.45,981.5691,965.8914,2.596106,Stage 2 (Advancing),BUY / HOLD,2940215,2254164,1.3043,True,0.0223,103.16,2225874566.0,2026-10-01
MU,"MICRON TECHNOLOGY, INC.",index|guide,1097.39,783.8235,954.3522,4.101195,Stage 2 (Advancing),BUY / HOLD,44604211,31601568,1.4115,True,0.1499,103.0,34679245412.0,2026-10-01
LGND,LGND,index,302.74,257.0005,291.72,0.511432,Stage 2 (Advancing),BUY / HOLD,371940,255892,1.4535,True,0.0378,102.92,77468984.0,2026-10-01
VIR,VIR,index,11.29,9.6866,10.0993,0.024036,Stage 2 (Advancing),BUY / HOLD,2571334,1879718,1.3679,True,0.1179,102.85,21222024.0,2026-10-01
BEN,BEN,index,32.5,30.204,33.3214,0.058129,Stage 2 (Advancing),BUY / HOLD,5293112,3952624,1.3391,True,-0.0247,102.4,128460288.0,2026-10-01
BHP.AX,BHP GROUP LIMITED,guide,60.26,57.7766,61.7462,0.110597,Stage 2 (Advancing),BUY / HOLD,9925386,7569207,1.3113,True,-0.0241,102.31,456120430.0,2026-10-01
DRH,DRH,index,12.51,11.2011,12.4147,0.021324,Stage 2 (Advancing),BUY / HOLD,4553570,2791247,1.6314,True,0.0077,102.23,34918506.0,2026-10-01
HST,HST,index,22.51,21.5139,22.7622,0.040328,Stage 2 (Advancing),BUY / HOLD,12777015,9156486,1.3954,True,-0.0111,102.0,206112509.0,2026-10-01
LQDT,LQDT,index,43.64,37.0517,41.6326,0.066765,Stage 2 (Advancing),BUY / HOLD,289394,222367,1.3014,True,0.0482,101.42,9704134.0,2026-10-01
WLY,WLY,index,48.9,44.6041,50.654,0.078687,Stage 2 (Advancing),BUY / HOLD,718819,496976,1.4464,True,-0.0346,101.11,24302143.0,2026-10-01
MSM,MSM,index,128.5,110.1258,121.8112,0.193339,Stage 2 (Advancing),BUY / HOLD,1245560,657351,1.8948,True,0.0549,101.04,84469629.0,2026-10-01
WHD,WHD,index,62.19,57.8961,66.7523,0.099846,Stage 2 (Advancing),BUY / HOLD,1102732,793586,1.3896,True,-0.0683,100.8,49353152.0,2026-10-01
CFFN,CFFN,index,8.47,7.9959,8.7134,0.012278,Stage 2 (Advancing),BUY / HOLD,1387012,917738,1.5113,True,-0.0279,99.28,7773243.0,2026-10-01
FBP,FBP,index,26.66,25.0153,28.1017,0.034469,Stage 2 (Advancing),BUY / HOLD,1889887,1371425,1.378,True,-0.0513,98.02,36562210.0,2026-10-01
FA,FA,index,18.34,16.6846,20.6976,0.021612,Stage 2 (Advancing),BUY / HOLD,2656083,2007805,1.3229,True,-0.1139,97.36,36823156.0,2026-10-01
BIIB,BIIB,index,222.82,199.5776,214.9098,0.252241,Stage 2 (Advancing),BUY / HOLD,1752633,954576,1.836,True,0.0368,97.11,212698778.0,2026-10-01
GL,GL,index,165.83,162.2737,174.6802,0.199858,Stage 2 (Advancing),BUY / HOLD,801746,539672,1.4856,True,-0.0507,96.85,89493961.0,2026-10-01
MD,MD,index,25.76,23.8916,26.3648,0.028969,Stage 2 (Advancing),BUY / HOLD,1526302,772392,1.9761,True,-0.0229,96.7,19896819.0,2026-10-01
NIC,NIC,index,163.62,156.8511,170.6564,0.188611,Stage 2 (Advancing),BUY / HOLD,232289,159443,1.4569,True,-0.0412,96.62,26088191.0,2026-10-01
EXPD,EXPD,index,187.74,164.5282,184.5524,0.195998,Stage 2 (Advancing),BUY / HOLD,1438254,997449,1.4419,True,0.0173,96.53,187261096.0,2026-10-01
FCF,FCF,index,20.28,19.4157,21.103,0.02237,Stage 2 (Advancing),BUY / HOLD,1400029,903572,1.5494,True,-0.039,96.22,18324453.0,2026-10-01
AMRX,AMRX,index,20.07,15.4133,18.2721,0.027329,Stage 2 (Advancing),BUY / HOLD,3005775,2199071,1.3668,True,0.0984,96.18,44135364.0,2026-10-01
WTS,WTS,index,359.49,330.4442,361.3451,0.369827,Stage 2 (Advancing),BUY / HOLD,270649,195794,1.3823,True,-0.0051,95.95,70386335.0,2026-10-01
AME,AME,index,249.09,233.1225,243.3581,0.251309,Stage 2 (Advancing),BUY / HOLD,2009442,1393960,1.4415,True,0.0236,95.62,347221701.0,2026-10-01
BNY,BNY,index,143.92,141.8824,157.6937,0.238777,Stage 2 (Advancing),BUY / HOLD,5142638,3148622,1.6333,True,-0.0873,95.46,453149782.0,2026-10-01
WSBC,WSBC,index,37.62,36.7471,40.3032,0.038053,Stage 2 (Advancing),BUY / HOLD,1742241,932578,1.8682,True,-0.0666,95.28,35083614.0,2026-10-01
RNR,RNR,index,322.99,309.4104,325.0467,0.317263,Stage 2 (Advancing),BUY / HOLD,385789,291603,1.323,True,-0.0063,95.2,94185102.0,2026-10-01
OXY,OXY,index,57.84,56.8045,58.1926,0.093211,Stage 2 (Advancing),BUY / HOLD,11608203,8455348,1.3729,True,-0.0061,95.13,489057333.0,2026-10-01
NBTB,NBTB,index,50.74,47.2756,51.7647,0.047188,Stage 2 (Advancing),BUY / HOLD,466807,337204,1.3843,True,-0.0198,94.99,17109739.0,2026-10-01
IPAR,IPAR,index,111.85,103.1887,116.591,0.101325,Stage 2 (Advancing),BUY / HOLD,391557,237933,1.6457,True,-0.0407,94.86,26612821.0,2026-10-01
IBKR,IBKR,index,85.81,84.2949,90.6682,0.134901,Stage 2 (Advancing),BUY / HOLD,5714241,4206814,1.3583,True,-0.0536,94.8,360986769.0,2026-10-01
VICR,VICR,index,308.59,238.9065,218.0562,1.103451,Stage 2 (Advancing),BUY / HOLD,1459893,864721,1.6883,True,0.4152,94.7,266844516.0,2026-10-01
ONB,ONB,index,24.98,24.414,25.8744,0.021942,Stage 2 (Advancing),BUY / HOLD,8307707,4006824,2.0734,True,-0.0346,94.19,100090465.0,2026-10-01
MAN,MAN,index,56.28,40.1054,57.529,0.059728,Stage 2 (Advancing),BUY / HOLD,1693820,943898,1.7945,True,-0.0217,93.91,53122601.0,2026-10-01
PAG,PAG,index,202.84,181.7722,215.0365,0.154075,Stage 2 (Advancing),BUY / HOLD,612060,396297,1.5444,True,-0.0567,93.78,80384923.0,2026-10-01
BHE,BHE,index,84.62,75.4643,77.5102,0.246186,Stage 2 (Advancing),BUY / HOLD,461015,377722,1.2205,False,0.0917,93.76,31962862.0,2026-10-01
LAUR,LAUR,index,38.0,35.3766,37.3014,0.029471,Stage 2 (Advancing),BUY / HOLD,1411143,983514,1.4348,True,0.0187,93.66,37373565.0,2026-10-01
CVBF,CVBF,index,22.01,20.8588,22.3294,0.016914,Stage 2 (Advancing),BUY / HOLD,1731861,1291315,1.3412,True,-0.0143,93.49,28421848.0,2026-10-01
INCY,INCY,index,117.14,108.2841,123.653,0.086914,Stage 2 (Advancing),BUY / HOLD,2361651,1614435,1.4628,True,-0.0527,93.42,189114917.0,2026-10-01
SABR,SABR,index,1.99,1.8493,2.102,0.001392,Stage 2 (Advancing),BUY / HOLD,8633508,4738176,1.8221,True,-0.0533,93.02,9428971.0,2026-10-01
WSM,WSM,index,233.39,209.9348,233.3842,0.154043,Stage 2 (Advancing),BUY / HOLD,1451583,1082781,1.3406,True,0.0,92.87,252710411.0,2026-10-01
KDP,KDP,index,30.69,29.4462,31.0263,0.020703,Stage 2 (Advancing),BUY / HOLD,17706630,11297606,1.5673,True,-0.0108,92.62,346723553.0,2026-10-01
VSTS,VSTS,index,13.78,11.8362,13.62,0.046299,Stage 2 (Advancing),BUY / HOLD,1521880,1419677,1.072,False,0.0117,92.58,19563157.0,2026-10-01
PFBC,PFBC,index,105.99,98.4673,105.0776,0.061511,Stage 2 (Advancing),BUY / HOLD,201207,124388,1.6176,True,0.0087,92.0,13183899.0,2026-10-01
AMAT,AMAT,index,529.3,463.9522,487.3363,1.691254,Stage 2 (Advancing),BUY / HOLD,6044598,7022075,0.8608,False,0.0861,92.0,3716784720.0,2026-10-01
MTSI,MTSI,index,301.63,293.5255,274.697,1.007803,Stage 2 (Advancing),BUY / HOLD,1174021,1368612,0.8578,False,0.098,92.0,412814571.0,2026-10-01
ATI,ATI,index,191.14,179.5425,202.5478,0.568246,Stage 2 (Advancing),BUY / HOLD,1253350,1743533,0.7189,False,-0.0563,92.0,333258897.0,2026-10-01
KLIC,KLIC,index,96.03,90.6159,88.0241,0.359647,Stage 2 (Advancing),BUY / HOLD,405807,852118,0.4762,False,0.091,92.0,81828904.0,2026-10-01
DIOD,DIOD,index,97.49,92.4071,92.5418,0.303638,Stage 2 (Advancing),BUY / HOLD,316087,588019,0.5375,False,0.0535,92.0,57326043.0,2026-10-01
VSAT,VSAT,index,70.35,67.0521,75.1422,0.233633,Stage 2 (Advancing),BUY / HOLD,1270328,1798554,0.7063,False,-0.0638,92.0,126528311.0,2026-10-01
PENG,PENG,index,54.98,46.1489,53.2108,0.207511,Stage 2 (Advancing),BUY / HOLD,1150231,1722504,0.6678,False,0.0332,92.0,94703303.0,2026-10-01
IRDM,IRDM,index,47.87,42.3203,47.7201,0.181617,Stage 2 (Advancing),BUY / HOLD,673316,1091300,0.617,False,0.0031,92.0,52240545.0,2026-10-01
UTHR,UTHR,index,571.38,538.1017,510.8624,0.5951,Stage 2 (Advancing),BUY / HOLD,1690138,679812,2.4862,True,0.1185,91.85,388431418.0,2026-10-01
WRBY,WRBY,index,27.49,25.2033,25.5874,0.015256,Stage 2 (Advancing),BUY / HOLD,4075892,2904027,1.4035,True,0.0744,91.84,79831725.0,2026-10-01
LSCC,LATTICE SEMICONDUCTOR CORPORATION,index|guide,128.86,121.1797,121.042,0.37263,Stage 2 (Advancing),BUY / HOLD,1393532,1730128,0.8054,False,0.0646,91.6,222944378.0,2026-10-01
IOSP,IOSP,index,95.17,82.4223,92.5184,0.046835,Stage 2 (Advancing),BUY / HOLD,267234,192682,1.3869,True,0.0287,91.55,18337610.0,2026-10-01
PTEN,PTEN,index,11.3,10.8012,11.3492,0.032689,Stage 2 (Advancing),BUY / HOLD,8364708,8443842,0.9906,False,-0.0043,91.21,95415418.0,2026-10-01
USB,USB,index,57.36,57.313,61.6904,0.065742,Stage 2 (Advancing),BUY / HOLD,10415775,7154715,1.4558,True,-0.0702,91.18,410394485.0,2026-10-01
ARW,ARW,index,231.63,196.4307,214.9278,0.591556,Stage 2 (Advancing),BUY / HOLD,470090,562303,0.836,False,0.0777,91.09,130246432.0,2026-10-01
ECPG,ECPG,index,94.3,85.8292,97.4974,0.258387,Stage 2 (Advancing),BUY / HOLD,204799,379741,0.5393,False,-0.0328,91.08,35809670.0,2026-10-01
WBD,WBD,index,30.95,27.4451,28.1242,0.027324,Stage 2 (Advancing),BUY / HOLD,43930644,31849466,1.3793,True,0.1005,90.96,985741024.0,2026-10-01
TROW,TROW,index,105.83,102.7141,109.2791,0.049705,Stage 2 (Advancing),BUY / HOLD,2121814,1624618,1.306,True,-0.0316,90.87,171933356.0,2026-10-01
SHIP,SEANERGY MARITIME HOLDINGS CORP.,guide,17.33,15.0443,17.0681,0.043867,Stage 2 (Advancing),BUY / HOLD,389282,370237,1.0514,False,0.0153,90.74,6416218.0,2026-10-01
PLXS,PLXS,index,270.27,248.9301,253.8868,0.734053,Stage 2 (Advancing),BUY / HOLD,189296,263027,0.7197,False,0.0645,90.59,71088553.0,2026-10-01
KLAC,KLAC,index,200.33,189.3168,187.3803,0.556878,Stage 2 (Advancing),BUY / HOLD,8499836,10201984,0.8332,False,0.0691,90.53,2043763618.0,2026-10-01
QRVO,QRVO,index,112.21,92.846,102.1008,0.039852,Stage 2 (Advancing),BUY / HOLD,3012762,1384201,2.1765,True,0.099,90.43,155321220.0,2026-10-01
VIRT,VIRT,index,55.62,53.7812,59.3291,0.143289,Stage 2 (Advancing),BUY / HOLD,1576726,1280090,1.2317,False,-0.0625,90.17,71198633.0,2026-10-01
DGII,DGII,index,73.39,64.7319,74.1048,0.180862,Stage 2 (Advancing),BUY / HOLD,399999,368519,1.0854,False,-0.0096,90.04,27045681.0,2026-10-01
AVT,AVT,index,102.24,82.4373,93.123,0.237148,Stage 2 (Advancing),BUY / HOLD,1174221,1272314,0.9229,False,0.0979,90.01,130081424.0,2026-10-01
MATX,"MATSON, INC.",index|guide,225.5,193.4863,219.3894,0.556346,Stage 2 (Advancing),BUY / HOLD,246877,289249,0.8535,False,0.0279,90.0,65225771.0,2026-10-01
LNTH,LNTH,index,99.65,94.5778,100.8602,0.262905,Stage 2 (Advancing),BUY / HOLD,505557,1485703,0.3403,False,-0.012,89.24,148050320.0,2026-10-01
IESC,IESC,index,330.16,312.0394,334.2793,0.856129,Stage 2 (Advancing),BUY / HOLD,174206,301800,0.5772,False,-0.0123,88.95,99642329.0,2026-10-01
OII,OII,index,44.36,41.5817,49.266,0.113201,Stage 2 (Advancing),BUY / HOLD,775399,1012889,0.7655,False,-0.0996,88.78,44931800.0,2026-10-01
LFUS,LFUS,index,435.55,411.9803,424.6249,1.119944,Stage 2 (Advancing),BUY / HOLD,136039,252610,0.5385,False,0.0257,88.75,110024622.0,2026-10-01
ROIV,ROIV,index,35.5,32.2441,36.5742,0.087311,Stage 2 (Advancing),BUY / HOLD,3253518,7648302,0.4254,False,-0.0294,88.66,271514734.0,2026-10-01
PTGX,PTGX,index,139.19,119.8109,144.8884,0.285934,Stage 2 (Advancing),BUY / HOLD,752563,579351,1.299,False,-0.0393,88.48,80639903.0,2026-10-01
HRMY,HRMY,index,39.57,34.078,39.4622,0.005736,Stage 2 (Advancing),BUY / HOLD,1202184,880643,1.3651,True,0.0027,88.35,34847070.0,2026-10-01
MOG-A,MOG-A,index,390.19,358.7746,390.1216,0.951282,Stage 2 (Advancing),BUY / HOLD,243780,280217,0.87,False,0.0002,88.21,109338106.0,2026-10-01
CNC,CNC,index,60.99,56.0577,64.7242,0.148152,Stage 2 (Advancing),BUY / HOLD,4764976,4731907,1.007,False,-0.0577,88.2,288599048.0,2026-10-01
TXN,TXN,index,281.31,263.1809,270.1931,0.696554,Stage 2 (Advancing),BUY / HOLD,3639522,6380100,0.5704,False,0.0411,88.17,1794786039.0,2026-10-01
SITM,SITM,index,678.87,577.9026,607.6891,2.087512,Stage 2 (Advancing),BUY / HOLD,417097,454505,0.9177,False,0.1171,88.0,308550445.0,2026-10-01
TER,TER,index,415.79,361.9659,373.3363,1.311634,Stage 2 (Advancing),BUY / HOLD,1705084,2870539,0.594,False,0.1137,88.0,1193541718.0,2026-10-01
LRCX,LRCX,index,340.1,294.3102,305.2189,1.019812,Stage 2 (Advancing),BUY / HOLD,8540277,9445579,0.9042,False,0.1143,88.0,3212441659.0,2026-10-01
BE,BE,index,277.58,231.5883,234.7188,0.951992,Stage 2 (Advancing),BUY / HOLD,11382614,16314826,0.6977,False,0.1826,88.0,4528669260.0,2026-10-01
ONTO,ONTO,index,314.88,272.0839,281.9196,0.922086,Stage 2 (Advancing),BUY / HOLD,652414,999980,0.6524,False,0.1169,88.0,314873795.0,2026-10-01
DOCN,DOCN,index,139.8,121.4256,124.5592,0.595064,Stage 2 (Advancing),BUY / HOLD,1290683,2798119,0.4613,False,0.1224,88.0,391177137.0,2026-10-01
VECO,VECO,index,53.19,50.0063,47.5998,0.171814,Stage 2 (Advancing),BUY / HOLD,679583,708717,0.9589,False,0.1174,88.0,37696691.0,2026-10-01
PDFS,PDFS,index,53.39,46.6907,47.0,0.15228,Stage 2 (Advancing),BUY / HOLD,499357,598809,0.8339,False,0.136,88.0,31970420.0,2026-10-01
HAS,HAS,index,89.98,89.444,91.6866,0.066135,Stage 2 (Advancing),BUY / HOLD,3380500,1702320,1.9858,True,-0.0186,87.92,153174759.0,2026-10-01
SYNA,SYNA,index,106.15,103.8516,101.1572,0.269961,Stage 2 (Advancing),BUY / HOLD,487561,657893,0.7411,False,0.0494,87.8,69835366.0,2026-10-01
NUE,NUE,index,235.98,226.5503,255.2361,0.571198,Stage 2 (Advancing),BUY / HOLD,1524321,1416680,1.076,False,-0.0754,87.78,334308239.0,2026-10-01
APA,APA,index,43.34,38.0793,41.434,0.091954,Stage 2 (Advancing),BUY / HOLD,6887809,5847470,1.1779,False,0.046,87.74,253429358.0,2026-10-01
OGN,OGN,index,13.71,11.813,13.6677,0.030363,Stage 2 (Advancing),BUY / HOLD,2104710,2800100,0.7517,False,0.0031,87.56,38389374.0,2026-10-01
KOP,KOP,index,45.19,43.12,47.1933,0.106626,Stage 2 (Advancing),BUY / HOLD,196201,181572,1.0806,False,-0.0424,87.43,8205239.0,2026-10-01
TRGP,TRGP,index,279.31,263.2729,281.19,0.644969,Stage 2 (Advancing),BUY / HOLD,1335855,1212645,1.1016,False,-0.0067,87.41,338703900.0,2026-10-01
KN,KN,index,38.23,34.0243,36.3686,0.086471,Stage 2 (Advancing),BUY / HOLD,732039,847552,0.8637,False,0.0512,87.33,32401942.0,2026-10-01
UCB,UCB,index,33.77,33.4929,35.0047,0.021851,Stage 2 (Advancing),BUY / HOLD,1115184,828053,1.3468,True,-0.0353,87.22,27963373.0,2026-10-01
ASML,ASML,index,1798.09,1616.0087,1719.9497,4.081237,Stage 2 (Advancing),BUY / HOLD,942130,1374810,0.6853,False,0.0454,87.2,2472033145.0,2026-10-01
PEB,PEB,index,18.81,16.2728,18.385,0.038278,Stage 2 (Advancing),BUY / HOLD,2489941,2160988,1.1522,False,0.0231,87.04,40648199.0,2026-10-01
WS,WS,index,36.33,36.0802,35.4475,0.022554,Stage 2 (Advancing),BUY / HOLD,360472,264893,1.3608,True,0.0249,87.0,9623579.0,2026-10-01
WDC,WDC,index,462.56,453.8141,468.9197,2.291414,Stage 2 (Advancing),BUY / HOLD,6128764,7239309,0.8466,False,-0.0136,87.0,3348614883.0,2026-10-01
FLEX,FLEX,index,112.78,111.2152,114.325,0.420122,Stage 2 (Advancing),BUY / HOLD,2032477,3719405,0.5465,False,-0.0135,87.0,419474552.0,2026-10-01
ARCB,ARCB,index,129.61,128.8568,137.2587,0.417979,Stage 2 (Advancing),BUY / HOLD,150482,295769,0.5088,False,-0.0557,87.0,38334703.0,2026-10-01
BTSG,BTSG,index,57.26,56.5966,60.6951,0.181129,Stage 2 (Advancing),BUY / HOLD,2465143,2652264,0.9294,False,-0.0566,87.0,151868681.0,2026-10-01
SLAB,SLAB,index,222.51,215.6833,219.2298,0.538115,Stage 2 (Advancing),BUY / HOLD,236125,279788,0.8439,False,0.015,86.96,62255738.0,2026-10-01
NHC,NHC,index,223.35,196.1456,223.3223,0.488955,Stage 2 (Advancing),BUY / HOLD,98363,109463,0.8986,False,0.0001,86.94,24448620.0,2026-10-01
ACLS,ACLS,index,136.71,130.2973,123.8522,0.379774,Stage 2 (Advancing),BUY / HOLD,390741,365186,1.07,False,0.1038,86.88,49924693.0,2026-10-01
KFY,KFY,index,72.37,71.0232,80.2803,0.042196,Stage 2 (Advancing),BUY / HOLD,669123,469974,1.4237,True,-0.0985,86.75,34012053.0,2026-10-01
GEO,GEO,index,30.79,25.1823,31.208,0.061935,Stage 2 (Advancing),BUY / HOLD,1717947,2104542,0.8163,False,-0.0134,86.68,64798879.0,2026-10-01
KEYS,KEYS,index,373.88,328.0757,332.9158,0.970042,Stage 2 (Advancing),BUY / HOLD,1039285,1219395,0.8523,False,0.123,86.65,455907670.0,2026-10-01
SCSC,SCSC,index,62.22,47.7713,56.3336,0.050709,Stage 2 (Advancing),BUY / HOLD,647778,287111,2.2562,True,0.1045,86.49,17864082.0,2026-10-01
PWR,PWR,index,662.6,648.3019,642.5834,1.577193,Stage 2 (Advancing),BUY / HOLD,901470,1044865,0.8628,False,0.0312,86.46,692327789.0,2026-10-01
JAZZ,JAZZ,index,233.01,225.8034,247.5982,0.549074,Stage 2 (Advancing),BUY / HOLD,738217,900588,0.8197,False,-0.0589,86.45,209846084.0,2026-10-01
NVT,NVT,index,165.77,150.0883,157.2062,0.363447,Stage 2 (Advancing),BUY / HOLD,1599395,2308535,0.6928,False,0.0545,86.37,382686006.0,2026-10-01
VAC,VAC,index,103.12,87.9026,105.6639,0.211795,Stage 2 (Advancing),BUY / HOLD,230416,496012,0.4645,False,-0.0241,86.28,51148792.0,2026-10-01
CDNS,CDNS,index,350.73,331.9169,318.177,0.135787,Stage 2 (Advancing),BUY / HOLD,3278384,2510349,1.3059,True,0.1023,86.27,880454971.0,2026-10-01
CSCO,CSCO,index,108.76,103.8442,112.1076,0.250163,Stage 2 (Advancing),BUY / HOLD,12607479,19333053,0.6521,False,-0.0299,86.27,2102662949.0,2026-10-01
VSXY,VSXY,index,88.51,68.7116,85.1892,0.207683,Stage 2 (Advancing),BUY / HOLD,875798,1777651,0.4927,False,0.039,86.18,157339979.0,2026-10-01
KRYS,KRYS,index,325.31,312.6002,342.531,0.742426,Stage 2 (Advancing),BUY / HOLD,225685,380051,0.5938,False,-0.0503,86.0,123634618.0,2026-10-01
CGNX,CGNX,index,62.22,59.8919,61.9386,0.141515,Stage 2 (Advancing),BUY / HOLD,1681810,1896988,0.8866,False,0.0045,85.9,118030608.0,2026-10-01
DAVE,DAVE,index,339.59,299.1724,358.4771,0.702781,Stage 2 (Advancing),BUY / HOLD,279635,380598,0.7347,False,-0.0527,85.79,129247511.0,2026-10-01
GNW,GNW,index,9.31,9.2101,9.9276,0.004254,Stage 2 (Advancing),BUY / HOLD,4843685,3524331,1.3744,True,-0.0622,85.7,32811530.0,2026-10-01
ADI,ADI,index,404.6,374.6456,374.1019,0.866833,Stage 2 (Advancing),BUY / HOLD,3147076,3640775,0.8644,False,0.0815,85.51,1473057798.0,2026-10-01
ZIM,ZIM INTEGRATED SHIPPING SERVICES LTD,guide,29.75,26.4686,27.7674,0.060679,Stage 2 (Advancing),BUY / HOLD,1491295,1737313,0.8584,False,0.0714,85.34,51685089.0,2026-10-01
BJRI,BJRI,index,59.25,51.2005,64.245,0.116403,Stage 2 (Advancing),BUY / HOLD,470091,467665,1.0052,False,-0.0777,85.23,27709200.0,2026-10-01
TGTX,TGTX,index,53.62,44.9559,53.7318,0.100928,Stage 2 (Advancing),BUY / HOLD,2116861,2075487,1.0199,False,-0.0021,85.12,111287623.0,2026-10-01
PR,PR,index,21.93,20.4432,22.0599,0.046282,Stage 2 (Advancing),BUY / HOLD,9630031,9794740,0.9832,False,-0.0059,85.11,214798665.0,2026-10-01
SM,SM,index,35.06,30.903,34.6236,0.069689,Stage 2 (Advancing),BUY / HOLD,2607983,3899773,0.6688,False,0.0126,85.04,136726070.0,2026-10-01
FTNT,FTNT,index,178.72,130.7054,163.0578,0.375836,Stage 2 (Advancing),BUY / HOLD,2956709,4691906,0.6302,False,0.0961,85.0,838537478.0,2026-10-01
AMN,AMN,index,35.86,28.3941,34.157,0.078207,Stage 2 (Advancing),BUY / HOLD,732818,660252,1.1099,False,0.0499,84.91,23676650.0,2026-10-01
YPF,YPF SA,guide,49.27,47.5743,51.821,0.105783,Stage 2 (Advancing),BUY / HOLD,985462,1171579,0.8411,False,-0.0492,84.79,57723710.0,2026-10-01
VTRS,VTRS,index,17.46,15.717,16.8852,0.034837,Stage 2 (Advancing),BUY / HOLD,6697642,9332544,0.7177,False,0.034,84.73,162946224.0,2026-10-01
GKOS,GKOS,index,163.17,141.1199,171.7582,0.311902,Stage 2 (Advancing),BUY / HOLD,737005,834498,0.8832,False,-0.05,84.68,136165053.0,2026-10-01
AAMI,AAMI,index,94.06,74.9346,90.6707,0.200219,Stage 2 (Advancing),BUY / HOLD,496782,427667,1.1616,False,0.0374,84.67,40226417.0,2026-10-01
OVV,OVV,index,59.98,58.2745,62.564,0.128698,Stage 2 (Advancing),BUY / HOLD,3044781,3430725,0.8875,False,-0.0413,84.67,205774921.0,2026-10-01
DAR,DAR,index,61.64,60.4816,63.4764,0.169669,Stage 2 (Advancing),BUY / HOLD,2499444,2460542,1.0158,False,-0.0289,84.57,151667862.0,2026-10-01
NTCT,NTCT,index,40.33,37.4724,38.9796,0.082064,Stage 2 (Advancing),BUY / HOLD,490593,618891,0.7927,False,0.0346,84.52,24959910.0,2026-10-01
STT,STT,index,174.62,162.345,186.3576,0.332235,Stage 2 (Advancing),BUY / HOLD,1975706,1736792,1.1376,False,-0.063,84.47,303278632.0,2026-10-01
MBIN,MBIN,index,49.52,48.4076,52.7221,0.105465,Stage 2 (Advancing),BUY / HOLD,179187,192305,0.9318,False,-0.0607,84.43,9522980.0,2026-10-01
PARR,PARR,index,86.21,66.3967,79.4296,0.185246,Stage 2 (Advancing),BUY / HOLD,849278,1003665,0.8462,False,0.0854,84.32,86526007.0,2026-10-01
CHRD,CHRD,index,136.85,133.5503,141.0611,0.277843,Stage 2 (Advancing),BUY / HOLD,786077,728003,1.0798,False,-0.0299,84.28,99627289.0,2026-10-01
TGT,TGT,index,156.7,134.5891,154.9397,0.287557,Stage 2 (Advancing),BUY / HOLD,3907644,3987916,0.9799,False,0.0114,84.09,624906563.0,2026-10-01
DXPE,DXPE,index,182.31,163.7662,183.578,0.348414,Stage 2 (Advancing),BUY / HOLD,134603,135384,0.9942,False,-0.0069,84.02,24681868.0,2026-10-01
ARMK,ARMK,index,54.59,51.327,57.4638,0.102543,Stage 2 (Advancing),BUY / HOLD,2737421,2457390,1.114,False,-0.05,83.89,134148943.0,2026-10-01
REGN,REGN,index,734.81,723.9125,782.8828,0.169965,Stage 2 (Advancing),BUY / HOLD,1041289,769767,1.3527,True,-0.0614,83.88,565633061.0,2026-10-01
CXW,CXW,index,32.49,26.3237,32.8444,0.054973,Stage 2 (Advancing),BUY / HOLD,1646075,1771037,0.9294,False,-0.0108,83.71,57541011.0,2026-10-01
UFCS,UFCS,index,53.94,46.9136,53.5397,0.09793,Stage 2 (Advancing),BUY / HOLD,100226,145966,0.6866,False,0.0075,83.7,7873434.0,2026-10-01
PRSU,PRSU,index,50.95,45.5084,49.0656,0.081296,Stage 2 (Advancing),BUY / HOLD,289709,223682,1.2952,False,0.0384,83.65,11396607.0,2026-10-01
SBLK,STAR BULK CARRIERS CORP.,guide,30.43,25.985,29.5035,0.053895,Stage 2 (Advancing),BUY / HOLD,1588748,1694318,0.9377,False,0.0314,83.59,51558126.0,2026-10-01
NPO,NPO,index,315.91,303.7396,311.7488,0.626342,Stage 2 (Advancing),BUY / HOLD,115921,173324,0.6688,False,0.0133,83.5,54754918.0,2026-10-01
CROX,CROX,index,119.24,112.3161,124.7412,0.231693,Stage 2 (Advancing),BUY / HOLD,947057,1076067,0.8801,False,-0.0441,83.5,128310243.0,2026-10-01
NEOG,NEOG,index,12.24,10.1801,11.8496,0.020936,Stage 2 (Advancing),BUY / HOLD,2964455,3028639,0.9788,False,0.0329,83.45,37070542.0,2026-10-01
GNK,GENCO SHIPPING & TRADING LIMITED,guide,27.22,23.9762,26.0828,0.048696,Stage 2 (Advancing),BUY / HOLD,463248,564896,0.8201,False,0.0436,83.25,15376495.0,2026-10-01
MTRN,MTRN,index,285.14,217.5472,250.3185,0.705318,Stage 2 (Advancing),BUY / HOLD,330233,323136,1.022,False,0.1391,83.18,92139192.0,2026-10-01
HP,HP,index,38.2,37.44,40.362,0.075045,Stage 2 (Advancing),BUY / HOLD,715297,1262677,0.5665,False,-0.0536,83.04,48234298.0,2026-10-01
CTS,CTS,index,59.81,58.1484,59.8778,0.116392,Stage 2 (Advancing),BUY / HOLD,183877,210291,0.8744,False,-0.0011,83.01,12577537.0,2026-10-01
SNDK,SANDISK CORPORATION,index|guide,1787.6899,1368.2407,1537.4747,8.574357,Stage 2 (Advancing),BUY / HOLD,9122622,13060102,0.6985,False,0.1627,83.0,23347413766.0,2026-10-01
STX,STX,index,945.57,744.8359,855.4063,3.674375,Stage 2 (Advancing),BUY / HOLD,2461489,4289793,0.5738,False,0.1054,83.0,4056300336.0,2026-10-01
AMD,"ADVANCED MICRO DEVICES, INC.",index|guide,615.73,423.8502,511.6498,1.658092,Stage 2 (Advancing),BUY / HOLD,16605676,23124795,0.7181,False,0.2034,83.0,14238629894.0,2026-10-01
DELL,DELL,index,541.74,347.1592,486.4926,1.570544,Stage 2 (Advancing),BUY / HOLD,6572438,7854272,0.8368,False,0.1136,83.0,4254973648.0,2026-10-01
MRVL,MRVL,index,272.29,195.1907,226.7268,0.872689,Stage 2 (Advancing),BUY / HOLD,14688256,21643603,0.6786,False,0.201,83.0,5893336878.0,2026-10-02
FORM,FORM,index,148.44,119.0446,114.551,0.478169,Stage 2 (Advancing),BUY / HOLD,1197992,1249537,0.9587,False,0.2958,83.0,185481400.0,2026-10-01
INTC,INTEL CORPORATION,index|guide,120.0,93.0079,100.4928,0.436257,Stage 2 (Advancing),BUY / HOLD,100882663,109537997,0.921,False,0.1941,83.0,13144559671.0,2026-10-01
HPE,HPE,index,64.58,41.2167,55.1873,0.136531,Stage 2 (Advancing),BUY / HOLD,15950775,20796311,0.767,False,0.1702,83.0,1343025835.0,2026-10-01
TALO,TALO,index,16.64,15.1774,16.2388,0.030301,Stage 2 (Advancing),BUY / HOLD,1919521,2000232,0.9596,False,0.0247,82.97,33283866.0,2026-10-01
RXO,RXO,index,21.36,21.1322,21.285,0.054693,Stage 2 (Advancing),BUY / HOLD,1878521,1837224,1.0225,False,0.0035,82.88,39243115.0,2026-10-01
INSW,INSW,index,114.6,80.6505,96.8798,0.250571,Stage 2 (Advancing),BUY / HOLD,607863,634595,0.9579,False,0.1829,82.86,72724616.0,2026-10-01
ENTG,ENTG,index,158.48,138.7446,140.8986,0.341127,Stage 2 (Advancing),BUY / HOLD,1646455,2329561,0.7068,False,0.1248,82.67,369188833.0,2026-10-01
FCX,FCX,index,69.28,65.0268,70.3648,0.127261,Stage 2 (Advancing),BUY / HOLD,11828727,13100598,0.9029,False,-0.0154,82.66,907609451.0,2026-10-01
CON,CON,index,34.97,28.1464,34.0299,0.05477,Stage 2 (Advancing),BUY / HOLD,868348,915248,0.9488,False,0.0276,82.57,32006257.0,2026-10-01
LTH,LTH,index,40.36,35.5949,42.8338,0.068693,Stage 2 (Advancing),BUY / HOLD,2877836,3133488,0.9184,False,-0.0578,82.44,126467607.0,2026-10-01
WCC,WCC,index,371.28,330.0871,350.1907,0.633159,Stage 2 (Advancing),BUY / HOLD,530921,554496,0.9575,False,0.0602,82.35,205873430.0,2026-10-01
KNTK,KNTK,index,51.01,48.5996,52.519,0.087359,Stage 2 (Advancing),BUY / HOLD,1315416,1174660,1.1198,False,-0.0287,82.34,59919421.0,2026-10-01
EGBN,EGBN,index,28.21,26.9074,27.9966,0.046302,Stage 2 (Advancing),BUY / HOLD,337923,287308,1.1762,False,0.0076,82.18,8104971.0,2026-10-01
XHR,XHR,index,18.07,17.5792,18.8666,0.032026,Stage 2 (Advancing),BUY / HOLD,860284,799829,1.0756,False,-0.0422,82.18,14452922.0,2026-10-01
FFIV,FFIV,index,443.68,369.0687,410.0902,0.699526,Stage 2 (Advancing),BUY / HOLD,550871,608069,0.9059,False,0.0819,82.16,269788236.0,2026-10-01
ZD,ZD,index,54.42,48.6573,55.33,0.09196,Stage 2 (Advancing),BUY / HOLD,618293,646271,0.9567,False,-0.0164,82.12,35170113.0,2026-10-01
SANM,SANM,index,221.96,198.9961,201.7762,0.471602,Stage 2 (Advancing),BUY / HOLD,540279,700205,0.7716,False,0.1,81.96,155417635.0,2026-10-01
RHP,RHP,index,120.94,112.9058,124.3414,0.184025,Stage 2 (Advancing),BUY / HOLD,894134,744752,1.2006,False,-0.0274,81.64,90070391.0,2026-10-01
ROST,ROST,index,234.1,226.3164,237.5457,0.413978,Stage 2 (Advancing),BUY / HOLD,1726707,2330186,0.741,False,-0.0145,81.63,545496590.0,2026-10-01
LFST,LFST,index,11.91,9.3277,12.0146,0.022697,Stage 2 (Advancing),BUY / HOLD,3597092,4667305,0.7707,False,-0.0087,81.47,55587612.0,2026-10-01
APLE,APLE,index,16.37,14.4927,15.9673,0.025902,Stage 2 (Advancing),BUY / HOLD,2333773,2741805,0.8512,False,0.0252,81.3,44883358.0,2026-10-01
CRGY,CRGY,index,13.27,12.1217,12.9039,0.021653,Stage 2 (Advancing),BUY / HOLD,5073936,5971216,0.8497,False,0.0284,81.29,79238049.0,2026-10-01
WSFS,WSFS,index,76.62,73.4984,79.3988,0.130558,Stage 2 (Advancing),BUY / HOLD,272217,366324,0.7431,False,-0.035,81.21,28067772.0,2026-10-01
DCOM,DCOM,index,39.88,37.7223,40.5016,0.063406,Stage 2 (Advancing),BUY / HOLD,332046,306874,1.082,False,-0.0153,81.1,12238172.0,2026-10-02
ROKU,ROKU,index,151.26,130.2897,152.9633,0.226583,Stage 2 (Advancing),BUY / HOLD,1893439,2328636,0.8131,False,-0.0111,80.91,352229587.0,2026-10-01
TRST,TRST,index,54.75,51.1129,56.5236,0.08813,Stage 2 (Advancing),BUY / HOLD,111962,137761,0.8127,False,-0.0314,80.79,7542428.0,2026-10-01
RAL,RAL,index,70.8,58.8725,66.9743,0.101277,Stage 2 (Advancing),BUY / HOLD,839402,1488642,0.5639,False,0.0571,80.76,105395861.0,2026-10-01
RS,RS,index,393.04,367.9011,399.6981,0.631518,Stage 2 (Advancing),BUY / HOLD,264401,322426,0.82,False,-0.0167,80.73,126726326.0,2026-10-01
GWW,GWW,index,1281.6801,1245.4408,1303.6444,1.980189,Stage 2 (Advancing),BUY / HOLD,298538,266538,1.1201,False,-0.0168,80.68,341617412.0,2026-10-01
DSX,DIANA SHIPPING INC.,guide,2.82,2.4903,2.6784,0.004258,Stage 2 (Advancing),BUY / HOLD,974089,1112971,0.8752,False,0.0529,80.68,3138580.0,2026-10-01
HUM,HUM,index,379.68,312.3347,385.4886,0.529949,Stage 2 (Advancing),BUY / HOLD,874524,1192558,0.7333,False,-0.0151,80.57,452790595.0,2026-10-01
WT,WT,index,24.03,19.1698,22.78,0.04324,Stage 2 (Advancing),BUY / HOLD,2841780,2667601,1.0653,False,0.0549,80.57,64102468.0,2026-10-01
CAKE,CAKE,index,107.95,78.6644,104.7768,0.181386,Stage 2 (Advancing),BUY / HOLD,862126,1690858,0.5099,False,0.0303,80.45,182528172.0,2026-10-01
MRK,MRK,index,144.31,125.3233,141.6959,0.208913,Stage 2 (Advancing),BUY / HOLD,9153158,10068005,0.9091,False,0.0184,80.34,1452913800.0,2026-10-02
TMP,TMP,index,97.01,88.7675,98.4065,0.147844,Stage 2 (Advancing),BUY / HOLD,84083,111905,0.7514,False,-0.0142,80.32,10855968.0,2026-10-01
RELY,RELY,index,21.48,21.2936,23.8587,0.048381,Stage 2 (Advancing),BUY / HOLD,2123869,3635171,0.5843,False,-0.0997,80.18,78083480.0,2026-10-01
MPWR,MPWR,index,1360.97,1350.0077,1301.8387,3.061692,Stage 2 (Advancing),BUY / HOLD,481968,740355,0.651,False,0.0454,80.14,1007601413.0,2026-10-01
ADM,ARCHER-DANIELS-MIDLAND COMPANY.,index|guide,79.52,77.1238,81.8086,0.125959,Stage 2 (Advancing),BUY / HOLD,2225377,3805421,0.5848,False,-0.028,80.07,302607108.0,2026-10-01
ACA,ACA,index,146.5,130.6251,145.4384,0.211935,Stage 2 (Advancing),BUY / HOLD,616509,646458,0.9537,False,0.0073,79.98,94706123.0,2026-10-01
PANW,"PALO ALTO NETWORKS, INC.",index|guide,396.25,273.773,360.3086,0.613084,Stage 2 (Advancing),BUY / HOLD,5254039,6213648,0.8456,False,0.0998,79.92,2462158329.0,2026-10-01
SEI,SEI,index,71.38,64.4161,59.4392,0.136095,Stage 2 (Advancing),BUY / HOLD,1718313,2957958,0.5809,False,0.2009,79.9,211139052.0,2026-10-01
PBF,PBF,index,82.34,53.2598,71.2252,0.140809,Stage 2 (Advancing),BUY / HOLD,3766550,3453901,1.0905,False,0.1561,79.87,284394196.0,2026-10-01
PK,PK,index,15.42,12.8607,14.993,0.02069,Stage 2 (Advancing),BUY / HOLD,3212924,3755786,0.8555,False,0.0285,79.87,57914228.0,2026-10-01
CHEF,CHEF,index,112.56,87.7679,109.641,0.195952,Stage 2 (Advancing),BUY / HOLD,533878,683519,0.7811,False,0.0266,79.86,76936960.0,2026-10-01
WAB,WAB,index,287.84,269.9248,290.6845,0.432646,Stage 2 (Advancing),BUY / HOLD,850072,885129,0.9604,False,-0.0098,79.82,254775655.0,2026-10-01
DAL,DAL,index,84.13,77.4768,84.0418,0.119901,Stage 2 (Advancing),BUY / HOLD,6264646,5936256,1.0553,False,0.001,79.82,499417278.0,2026-10-01
DE,DEERE & COMPANY,index|guide,667.26,602.5046,646.0045,0.801974,Stage 2 (Advancing),BUY / HOLD,1593059,1272949,1.2515,False,0.0329,79.66,849388082.0,2026-10-01
JNJ,JNJ,index,258.66,246.1102,265.4731,0.333205,Stage 2 (Advancing),BUY / HOLD,8152575,6660331,1.224,False,-0.0257,79.62,1722761370.0,2026-10-01
HZO,HZO,index,52.33,36.9204,48.1684,0.075588,Stage 2 (Advancing),BUY / HOLD,937433,814158,1.1514,False,0.0864,79.59,42604924.0,2026-10-01
WKC,WKC,index,35.68,30.4628,36.2588,0.047197,Stage 2 (Advancing),BUY / HOLD,895134,1191876,0.751,False,-0.016,79.39,42526160.0,2026-10-01
BRKR,BRKR,index,61.94,50.2986,58.8365,0.07591,Stage 2 (Advancing),BUY / HOLD,2377889,2296377,1.0355,False,0.0527,79.36,142237637.0,2026-10-01
EOG,EOG,index,141.31,138.124,144.425,0.208449,Stage 2 (Advancing),BUY / HOLD,3137733,3051352,1.0283,False,-0.0216,79.3,431186637.0,2026-10-01
COP,CONOCOPHILLIPS,index|guide,127.06,120.6447,127.6004,0.185284,Stage 2 (Advancing),BUY / HOLD,5978638,6819698,0.8767,False,-0.0042,79.29,866510908.0,2026-10-01
CBRL,CBRL,index,51.72,41.662,53.718,0.063625,Stage 2 (Advancing),BUY / HOLD,763256,938055,0.8137,False,-0.0372,79.22,48516212.0,2026-10-01
DVN,DVN,index,47.16,45.8415,46.6572,0.069483,Stage 2 (Advancing),BUY / HOLD,7537549,11471722,0.6571,False,0.0108,79.13,541006454.0,2026-10-01
EPC,EPC,index,26.67,23.8295,27.7873,0.036002,Stage 2 (Advancing),BUY / HOLD,464523,586416,0.7921,False,-0.0402,79.09,15639727.0,2026-10-01
PFG,PFG,index,112.24,103.6792,113.1353,0.155988,Stage 2 (Advancing),BUY / HOLD,995042,1371300,0.7256,False,-0.0079,79.04,153914803.0,2026-10-01
VLO,VLO,index,408.46,283.0399,352.9231,0.744088,Stage 2 (Advancing),BUY / HOLD,2663142,3084502,0.8634,False,0.1574,79.03,1259896004.0,2026-10-01
XOM,XOM,index,163.82,152.7276,160.0549,0.229283,Stage 2 (Advancing),BUY / HOLD,10707962,14144003,0.7571,False,0.0235,79.01,2317070714.0,2026-10-01
HOPE,HOPE,index,13.5,12.7425,13.9166,0.016283,Stage 2 (Advancing),BUY / HOLD,1151907,946024,1.2176,False,-0.0299,78.96,12771326.0,2026-10-01
RAMP,RAMP,index,37.7,34.1984,37.7114,0.050631,Stage 2 (Advancing),BUY / HOLD,789113,1076720,0.7329,False,-0.0003,78.84,40592355.0,2026-10-01
LPG,LPG,index,56.59,41.3855,50.3457,0.107144,Stage 2 (Advancing),BUY / HOLD,555392,602619,0.9216,False,0.124,78.71,34102257.0,2026-10-01
CLH,CLH,index,312.51,301.3401,314.599,0.438712,Stage 2 (Advancing),BUY / HOLD,325853,438839,0.7425,False,-0.0066,78.65,137141599.0,2026-10-01
IEX,IEX,index,229.85,215.3744,229.6044,0.313529,Stage 2 (Advancing),BUY / HOLD,619520,634196,0.9769,False,0.0011,78.65,145770046.0,2026-10-01
AMG,AMG,index,371.95,328.7496,363.6834,0.477464,Stage 2 (Advancing),BUY / HOLD,176135,271742,0.6482,False,0.0227,78.62,101074701.0,2026-10-01
SMTC,SMTC,index,186.59,128.2787,144.8346,0.429968,Stage 2 (Advancing),BUY / HOLD,3275004,3040958,1.077,False,0.2883,78.62,567412357.0,2026-10-01
UBSI,UBSI,index,46.4,44.2956,47.4241,0.054081,Stage 2 (Advancing),BUY / HOLD,1175511,966260,1.2166,False,-0.0216,78.5,44834476.0,2026-10-01
VCTR,VCTR,index,111.74,89.0146,109.3026,0.180093,Stage 2 (Advancing),BUY / HOLD,683626,659336,1.0368,False,0.0223,78.48,73674261.0,2026-10-01
CPF,CPF,index,36.07,35.3226,37.7774,0.042971,Stage 2 (Advancing),BUY / HOLD,202028,166448,1.2138,False,-0.0452,78.44,6003800.0,2026-10-01
NPK,NPK,index,150.12,136.9716,143.4236,0.177267,Stage 2 (Advancing),BUY / HOLD,116030,103100,1.1254,False,0.0467,78.36,15477462.0,2026-10-01
RNG,RNG,index,78.31,48.855,67.1163,0.124123,Stage 2 (Advancing),BUY / HOLD,1317647,1956286,0.6735,False,0.1668,78.33,153196825.0,2026-10-01
TDW,TDW,index,82.18,81.2911,87.4062,0.164709,Stage 2 (Advancing),BUY / HOLD,587160,621245,0.9451,False,-0.0598,78.21,51053931.0,2026-10-01
EXEL,EXEL,index,57.94,50.6979,55.7794,0.070557,Stage 2 (Advancing),BUY / HOLD,1354211,2358898,0.5741,False,0.0387,78.13,136674560.0,2026-10-01
EAT,EAT,index,194.33,174.1533,218.9556,0.241756,Stage 2 (Advancing),BUY / HOLD,1000902,1241952,0.8059,False,-0.1125,78.11,241348542.0,2026-10-01
CZR,CZR,index,29.62,28.6321,29.7294,0.039454,Stage 2 (Advancing),BUY / HOLD,3213329,3948396,0.8138,False,-0.0037,78.02,116951510.0,2026-10-01
MXL,MXL,index,92.12,64.7822,72.3528,0.393446,Stage 2 (Advancing),BUY / HOLD,2169888,2999209,0.7235,False,0.2732,78.0,276287211.0,2026-10-01
COHU,COHU,index,70.34,48.7887,54.2114,0.190486,Stage 2 (Advancing),BUY / HOLD,869073,1027467,0.8458,False,0.2975,78.0,72272057.0,2026-10-01
NWBI,NWBI,index,14.99,14.1469,15.419,0.018389,Stage 2 (Advancing),BUY / HOLD,1097779,1032621,1.0631,False,-0.0278,77.9,15478997.0,2026-10-01
JCI,JCI,index,151.77,141.157,145.3961,0.190969,Stage 2 (Advancing),BUY / HOLD,2708576,3319329,0.816,False,0.0438,77.82,503774655.0,2026-10-01
MAC,MAC,index,22.54,22.488,23.8109,0.04041,Stage 2 (Advancing),BUY / HOLD,4136047,3511602,1.1778,False,-0.0534,77.8,79151533.0,2026-10-01
CATY,CATY,index,60.08,57.4736,62.2122,0.07686,Stage 2 (Advancing),BUY / HOLD,459490,454405,1.0112,False,-0.0343,77.79,27300701.0,2026-10-01
WABC,WABC,index,59.12,55.9357,59.2361,0.064665,Stage 2 (Advancing),BUY / HOLD,217450,184429,1.179,False,-0.002,77.68,10903442.0,2026-10-01
AIT,AIT,index,339.39,312.5563,337.4817,0.416575,Stage 2 (Advancing),BUY / HOLD,187765,275851,0.6807,False,0.0057,77.66,93621177.0,2026-10-01
SFNC,SFNC,index,22.73,21.4882,23.0075,0.023707,Stage 2 (Advancing),BUY / HOLD,1572762,1283091,1.2258,False,-0.0121,77.63,29164663.0,2026-10-01
VOYA,VOYA,index,95.38,86.6074,99.7333,0.114459,Stage 2 (Advancing),BUY / HOLD,989849,1044232,0.9479,False,-0.0436,77.57,99598939.0,2026-10-01
CNO,CNO,index,53.08,48.6826,54.4126,0.064233,Stage 2 (Advancing),BUY / HOLD,658128,904076,0.728,False,-0.0245,77.56,47988385.0,2026-10-01
STBA,STBA,index,49.01,46.2875,50.3938,0.06075,Stage 2 (Advancing),BUY / HOLD,263677,270247,0.9757,False,-0.0275,77.5,13244831.0,2026-10-01
WST,WST,index,365.01,316.5666,351.623,0.412458,Stage 2 (Advancing),BUY / HOLD,638945,634912,1.0064,False,0.0381,77.47,231749564.0,2026-10-01
SXT,SXT,index,128.42,114.446,130.1755,0.149262,Stage 2 (Advancing),BUY / HOLD,267299,396709,0.6738,False,-0.0135,77.43,50945495.0,2026-10-01
BMY,BMY,index,61.46,59.801,64.5138,0.077976,Stage 2 (Advancing),BUY / HOLD,10675357,11260011,0.9481,False,-0.0473,77.43,692040274.0,2026-10-01
BGC,BGC,index,11.62,11.0469,11.6299,0.014238,Stage 2 (Advancing),BUY / HOLD,1817717,3225898,0.5635,False,-0.0009,77.31,37484938.0,2026-10-01
PANL,PANGAEA LOGISTICS SOLUTIONS LTD.,guide,8.41,7.5493,7.8797,0.009307,Stage 2 (Advancing),BUY / HOLD,427427,410508,1.0412,False,0.0673,77.19,3452377.0,2026-10-01
SCL,SCL,index,61.53,55.0994,62.6119,0.05983,Stage 2 (Advancing),BUY / HOLD,172905,145896,1.1851,False,-0.0173,77.17,8976987.0,2026-10-01
CSX,CSX,index,46.54,46.1449,49.4713,0.080363,Stage 2 (Advancing),BUY / HOLD,12830659,11165529,1.1491,False,-0.0593,77.13,519643738.0,2026-10-01
ANET,ANET,index,204.49,166.8171,192.802,0.210736,Stage 2 (Advancing),BUY / HOLD,4088316,6133674,0.6665,False,0.0606,77.11,1254275095.0,2026-10-01
NDSN,NDSN,index,329.02,291.4963,313.9577,0.368108,Stage 2 (Advancing),BUY / HOLD,324922,373644,0.8696,False,0.048,77.1,122936490.0,2026-10-01
CVX,CVX,index,207.1,190.6671,201.6645,0.239855,Stage 2 (Advancing),BUY / HOLD,5831193,8718447,0.6688,False,0.027,77.06,1805590605.0,2026-10-01
TPC,TPC,index,83.26,81.5216,87.9943,0.10177,Stage 2 (Advancing),BUY / HOLD,408132,665664,0.6131,False,-0.0538,76.99,55423239.0,2026-10-01
GEF,GEF,index,81.56,72.8759,84.148,0.070265,Stage 2 (Advancing),BUY / HOLD,424961,332791,1.277,False,-0.0308,76.93,27142451.0,2026-10-01
CNK,CNK,index,36.18,31.4697,36.1647,0.038937,Stage 2 (Advancing),BUY / HOLD,2129485,2383921,0.8933,False,0.0004,76.9,86250288.0,2026-10-01
NX,NX,index,19.2,18.6995,20.0369,0.023014,Stage 2 (Advancing),BUY / HOLD,376576,399167,0.9434,False,-0.0418,76.85,7664017.0,2026-10-01
DINO,DINO,index,112.7,77.0368,98.7438,0.180983,Stage 2 (Advancing),BUY / HOLD,2442964,2780895,0.8785,False,0.1413,76.79,313406890.0,2026-10-01
MPC,MPC,index,420.15,285.9908,362.9135,0.671096,Stage 2 (Advancing),BUY / HOLD,2099360,2655401,0.7906,False,0.1577,76.77,1115666798.0,2026-10-01
WELL,WELL,index,226.94,220.1531,235.7977,0.268069,Stage 2 (Advancing),BUY / HOLD,2623863,2861195,0.9171,False,-0.0376,76.74,649319659.0,2026-10-01
PRLB,PRLB,index,94.37,73.6816,84.0928,0.158864,Stage 2 (Advancing),BUY / HOLD,247362,208989,1.1836,False,0.1222,76.72,19722315.0,2026-10-01
SHO,SHO,index,11.31,10.4884,11.1243,0.012724,Stage 2 (Advancing),BUY / HOLD,1949859,2237223,0.8716,False,0.0167,76.71,25302995.0,2026-10-01
TTC,TTC,index,97.79,94.4024,96.128,0.11452,Stage 2 (Advancing),BUY / HOLD,599748,764194,0.7848,False,0.0173,76.7,74730626.0,2026-10-01
CPAY,CPAY,index,389.73,354.0376,401.0906,0.388102,Stage 2 (Advancing),BUY / HOLD,563729,505956,1.1142,False,-0.0283,76.68,197186463.0,2026-10-01
DDOG,"DATADOG, INC.",index|guide,276.46,203.0156,244.0055,0.473863,Stage 2 (Advancing),BUY / HOLD,2929508,4264464,0.687,False,0.133,76.67,1178953725.0,2026-10-01
IART,IART,index,16.09,14.7198,16.865,0.017715,Stage 2 (Advancing),BUY / HOLD,652924,834124,0.7828,False,-0.046,76.63,13421063.0,2026-10-01
IFF,IFF,index,83.12,77.0186,83.4486,0.083984,Stage 2 (Advancing),BUY / HOLD,1816097,1677417,1.0827,False,-0.0039,76.38,139426984.0,2026-10-01
VCYT,VCYT,index,44.19,43.2838,45.1865,0.050164,Stage 2 (Advancing),BUY / HOLD,1426561,1412231,1.0101,False,-0.0221,76.35,62406496.0,2026-10-01
RGA,RGA,index,244.62,221.5788,244.5787,0.198286,Stage 2 (Advancing),BUY / HOLD,433505,343288,1.2628,False,0.0002,76.26,83975133.0,2026-10-01
IVZ,IVZ,index,30.42,27.7707,31.3145,0.02822,Stage 2 (Advancing),BUY / HOLD,5073395,4444575,1.1415,False,-0.0286,76.26,135203999.0,2026-10-01
KMX,KMX,index,55.89,49.6433,59.3606,0.042558,Stage 2 (Advancing),BUY / HOLD,3253166,2516559,1.2927,False,-0.0585,76.2,140650499.0,2026-10-01
ETSY,ETSY,index,72.84,68.9074,78.5446,0.078747,Stage 2 (Advancing),BUY / HOLD,2749972,3168745,0.8678,False,-0.0726,76.14,230811406.0,2026-10-01
GFF,GFF,index,93.15,88.7475,97.0936,0.101255,Stage 2 (Advancing),BUY / HOLD,321059,345535,0.9292,False,-0.0406,76.13,32186603.0,2026-10-01
XMTR,"XOMETRY, INC.",guide,104.23,75.9243,91.5812,0.171631,Stage 2 (Advancing),BUY / HOLD,533275,723091,0.7375,False,0.1381,76.08,75367829.0,2026-10-01
KO,KO,index,86.1,81.3074,87.4626,0.089318,Stage 2 (Advancing),BUY / HOLD,16129162,15605727,1.0335,False,-0.0156,76.06,1343653092.0,2026-10-01
CFR,CFR,index,153.48,148.1549,162.0068,0.166634,Stage 2 (Advancing),BUY / HOLD,422823,544246,0.7769,False,-0.0526,76.0,83530944.0,2026-10-01
SWK,SWK,index,89.59,83.273,94.7337,0.093728,Stage 2 (Advancing),BUY / HOLD,1636309,1869466,0.8753,False,-0.0543,76.0,167485468.0,2026-10-01
M,M,index,22.76,21.249,23.067,0.018023,Stage 2 (Advancing),BUY / HOLD,7483293,5877271,1.2733,False,-0.0133,75.97,133766709.0,2026-10-01
HWC,HWC,index,71.93,70.1444,75.326,0.070264,Stage 2 (Advancing),BUY / HOLD,860689,769571,1.1184,False,-0.0451,75.96,55355298.0,2026-10-01
FTDR,FTDR,index,75.45,69.9691,79.4414,0.074458,Stage 2 (Advancing),BUY / HOLD,579606,550072,1.0537,False,-0.0502,75.94,41502940.0,2026-10-01
ROK,ROK,index,442.45,427.5624,437.4479,0.467474,Stage 2 (Advancing),BUY / HOLD,781432,767382,1.0183,False,0.0114,75.89,339528458.0,2026-10-01
LXP,LXP,index,60.95,54.0484,60.7824,0.059476,Stage 2 (Advancing),BUY / HOLD,758517,786410,0.9645,False,0.0028,75.8,47931711.0,2026-10-01
OFG,OFG,index,50.69,46.7393,52.0244,0.049067,Stage 2 (Advancing),BUY / HOLD,272414,260072,1.0475,False,-0.0256,75.78,13183064.0,2026-10-01
RHI,RHI,index,37.79,31.8142,40.1436,0.0349,Stage 2 (Advancing),BUY / HOLD,1530177,2072277,0.7384,False,-0.0586,75.78,78311370.0,2026-10-01
SN,SN,index,179.78,139.2771,174.6398,0.239691,Stage 2 (Advancing),BUY / HOLD,1061454,1855983,0.5719,False,0.0294,75.77,333668636.0,2026-10-01
ASH,ASH,index,68.61,62.3715,71.3943,0.068328,Stage 2 (Advancing),BUY / HOLD,564373,710751,0.7941,False,-0.039,75.76,48764658.0,2026-10-01
FBNC,FBNC,index,61.57,60.2572,63.687,0.063992,Stage 2 (Advancing),BUY / HOLD,214367,209861,1.0215,False,-0.0332,75.67,12921163.0,2026-10-01
HAFC,HAFC,index,31.21,29.8484,31.7015,0.032294,Stage 2 (Advancing),BUY / HOLD,227663,232589,0.9788,False,-0.0155,75.66,7259111.0,2026-10-01
MERK.JK,PT Merck Tbk,guide,3670.0,3612.0705,3897.0,6.160968,Stage 2 (Advancing),BUY / HOLD,14900,43192,0.345,False,-0.0582,75.65,158514640.0,2026-10-01
TRV,TRV,index,361.64,328.3216,371.072,0.351962,Stage 2 (Advancing),BUY / HOLD,1181663,1628437,0.7256,False,-0.0254,75.58,588908075.0,2026-10-01
URI,URI,index,1034.11,970.9909,1065.5078,0.929295,Stage 2 (Advancing),BUY / HOLD,529445,475218,1.1141,False,-0.0295,75.57,491428610.0,2026-10-01
LIVN,LIVN,index,74.7,73.5356,79.2916,0.117368,Stage 2 (Advancing),BUY / HOLD,737349,671422,1.0982,False,-0.0579,75.55,50155295.0,2026-10-01
FTRE,FTRE,index,19.4,15.1009,18.8026,0.022948,Stage 2 (Advancing),BUY / HOLD,1762323,1509530,1.1675,False,0.0318,75.5,29284890.0,2026-10-01
SPNT,SPNT,index,24.41,23.2148,24.273,0.02462,Stage 2 (Advancing),BUY / HOLD,552707,820162,0.6739,False,0.0056,75.48,20020158.0,2026-10-01
AIZ,AIZ,index,266.24,254.5588,279.9063,0.265804,Stage 2 (Advancing),BUY / HOLD,385953,381333,1.0121,False,-0.0488,75.45,101526110.0,2026-10-01
LLY,LLY,index,1146.4301,1078.3444,1177.0384,1.133921,Stage 2 (Advancing),BUY / HOLD,849758,2505689,0.3391,False,-0.026,75.41,2872597358.0,2026-10-01
OPLN,OPLN,index,34.87,34.714,35.9736,0.057962,Stage 2 (Advancing),BUY / HOLD,1256986,1266967,0.9921,False,-0.0307,75.36,44179163.0,2026-10-01
CAH,CAH,index,230.09,219.3288,232.6238,0.228389,Stage 2 (Advancing),BUY / HOLD,1713329,1840856,0.9307,False,-0.0109,75.33,423562684.0,2026-10-01
NTRS,NTRS,index,169.2,167.4812,181.9919,0.275272,Stage 2 (Advancing),BUY / HOLD,1039103,1026574,1.0122,False,-0.0703,75.25,173696328.0,2026-10-01
AVNT,AVNT,index,40.54,37.691,41.5538,0.037955,Stage 2 (Advancing),BUY / HOLD,670876,771079,0.87,False,-0.0244,75.06,31259564.0,2026-10-01
NWL,NWL,index,5.31,4.7362,5.7608,0.004739,Stage 2 (Advancing),BUY / HOLD,4447223,7837382,0.5674,False,-0.0783,75.01,41616500.0,2026-10-01
GRMN,GRMN,index,282.46,255.753,286.2888,0.255579,Stage 2 (Advancing),BUY / HOLD,605519,929364,0.6515,False,-0.0134,74.99,262508255.0,2026-10-01
ABNB,ABNB,index,160.47,147.4633,169.1784,0.146868,Stage 2 (Advancing),BUY / HOLD,4800033,5089418,0.9431,False,-0.0515,74.97,816699019.0,2026-10-01
AMGN,AMGN,index,407.27,367.3861,407.867,0.363231,Stage 2 (Advancing),BUY / HOLD,2490382,2861447,0.8703,False,-0.0015,74.91,1165381749.0,2026-10-01
TWLO,TWLO,index,301.27,191.6531,234.993,0.516344,Stage 2 (Advancing),BUY / HOLD,2493767,2406503,1.0363,False,0.282,74.84,725007235.0,2026-10-01
ILMN,ILMN,index,265.72,170.9793,217.3672,0.359702,Stage 2 (Advancing),BUY / HOLD,1949786,2830767,0.6888,False,0.2224,74.83,752191602.0,2026-10-01
MUR,MUR,index,37.47,36.8134,36.7385,0.053426,Stage 2 (Advancing),BUY / HOLD,1949177,1697977,1.1479,False,0.0199,74.79,63623220.0,2026-10-01
INVX,INVX,index,27.52,27.3138,29.0318,0.043555,Stage 2 (Advancing),BUY / HOLD,416816,772964,0.5392,False,-0.0521,74.76,21271978.0,2026-10-01
THG,THG,index,216.94,200.086,224.0896,0.191755,Stage 2 (Advancing),BUY / HOLD,279624,303976,0.9199,False,-0.0319,74.67,65944658.0,2026-10-01
FFBC,FFBC,index,31.51,30.9554,32.7977,0.046712,Stage 2 (Advancing),BUY / HOLD,894024,831748,1.0749,False,-0.0393,74.67,26208395.0,2026-10-01
ETN,ETN,index,437.28,401.6679,421.2866,0.380426,Stage 2 (Advancing),BUY / HOLD,1605443,2127314,0.7547,False,0.038,74.58,930232239.0,2026-10-01
ELV,ELV,index,381.67,368.59,395.917,0.349432,Stage 2 (Advancing),BUY / HOLD,1074321,1079014,0.9957,False,-0.036,74.58,411827448.0,2026-10-01
FULT,FULT,index,22.59,22.3789,23.8064,0.029682,Stage 2 (Advancing),BUY / HOLD,2042215,1651538,1.2366,False,-0.0511,74.5,37308250.0,2026-10-01
DGX,DGX,index,231.09,211.3519,237.6794,0.196762,Stage 2 (Advancing),BUY / HOLD,933144,1048438,0.89,False,-0.0277,74.45,242283737.0,2026-10-01
PM,PM,index,188.18,178.7512,190.0558,0.166279,Stage 2 (Advancing),BUY / HOLD,3563611,4584790,0.7773,False,-0.0099,74.44,862765790.0,2026-10-01
JXN,JXN,index,129.48,115.4566,130.8089,0.105728,Stage 2 (Advancing),BUY / HOLD,519913,710222,0.732,False,-0.0102,74.33,91959575.0,2026-10-01
SXI,SXI,index,285.12,284.0064,294.0461,0.425593,Stage 2 (Advancing),BUY / HOLD,139712,134184,1.0412,False,-0.0304,74.32,38258610.0,2026-10-01
PSX,PSX,index,264.23,195.628,239.0858,0.398681,Stage 2 (Advancing),BUY / HOLD,2520422,2977726,0.8464,False,0.1052,74.3,786804690.0,2026-10-01
LTC,LTC,index,42.67,38.6819,41.0184,0.030716,Stage 2 (Advancing),BUY / HOLD,628429,562254,1.1177,False,0.0403,74.29,23991402.0,2026-10-01
CRWD,CRWD,index,266.09,166.8352,218.065,0.339505,Stage 2 (Advancing),BUY / HOLD,6851014,9891584,0.6926,False,0.2202,74.28,2632051625.0,2026-10-01
UNM,UNM,index,88.08,84.3068,91.1001,0.076422,Stage 2 (Advancing),BUY / HOLD,1125211,1697668,0.6628,False,-0.0332,74.25,149530620.0,2026-10-01
AAPL,AAPL,index,330.32,296.3561,322.109,0.268023,Stage 2 (Advancing),BUY / HOLD,34960817,45797262,0.7634,False,0.0255,74.24,15127752032.0,2026-10-01
NEM,NEM,index,114.67,110.174,117.2766,0.09952,Stage 2 (Advancing),BUY / HOLD,5612423,7450654,0.7533,False,-0.0222,74.23,854366533.0,2026-10-01
CHCO,CHCO,index,141.39,130.8309,143.6784,0.079471,Stage 2 (Advancing),BUY / HOLD,151770,117801,1.2884,False,-0.0159,74.17,16655940.0,2026-10-01
WEAT,Teucrium:Wheat,guide,24.72,24.0116,25.5248,0.021494,Stage 2 (Advancing),BUY / HOLD,502581,627557,0.8009,False,-0.0315,74.16,15513224.0,2026-10-01
HTO,HTO,index,60.2,59.5293,62.832,0.080521,Stage 2 (Advancing),BUY / HOLD,475970,413845,1.1501,False,-0.0419,74.02,24913493.0,2026-10-01
EIG,EIG,index,48.65,45.3587,49.02,0.038985,Stage 2 (Advancing),BUY / HOLD,152381,172759,0.882,False,-0.0075,73.88,8404756.0,2026-10-01
TILE,TILE,index,34.45,31.5142,35.9864,0.027026,Stage 2 (Advancing),BUY / HOLD,467488,480953,0.972,False,-0.0427,73.86,16568857.0,2026-10-01
FIVE,FIVE,index,221.17,220.2223,234.2442,0.325606,Stage 2 (Advancing),BUY / HOLD,726971,1097559,0.6624,False,-0.0558,73.83,242747215.0,2026-10-01
APH,APH,index,85.67,74.6253,80.8795,0.063353,Stage 2 (Advancing),BUY / HOLD,11803887,12648429,0.9332,False,0.0592,73.79,1083590953.0,2026-10-01
HSIC,HSIC,index,84.93,81.0628,87.7056,0.067666,Stage 2 (Advancing),BUY / HOLD,1025567,1161443,0.883,False,-0.0316,73.68,98641383.0,2026-10-01
PH,PH,index,965.88,943.581,987.3671,0.78501,Stage 2 (Advancing),BUY / HOLD,443342,633390,0.7,False,-0.0218,73.66,611779548.0,2026-10-01
NOVT,NOVT,index,143.58,142.8893,147.0558,0.207812,Stage 2 (Advancing),BUY / HOLD,246318,383846,0.6417,False,-0.0236,73.63,55112661.0,2026-10-01
SEIC,SEIC,index,103.87,92.9246,105.9712,0.076781,Stage 2 (Advancing),BUY / HOLD,660554,753473,0.8767,False,-0.0198,73.61,78263251.0,2026-10-01
NTAP,NTAP,index,215.05,149.3186,191.0966,0.291146,Stage 2 (Advancing),BUY / HOLD,2339688,2462351,0.9502,False,0.1253,73.6,529528754.0,2026-10-01
SAIC,SAIC,index,126.3,109.5202,126.4916,0.083873,Stage 2 (Advancing),BUY / HOLD,467534,457060,1.0229,False,-0.0015,73.31,57726765.0,2026-10-01
SHOO,SHOO,index,45.69,40.7438,44.6767,0.031012,Stage 2 (Advancing),BUY / HOLD,1105348,1075824,1.0274,False,0.0227,73.31,49154441.0,2026-10-01
MTCH,MTCH,index,40.13,36.5539,40.3412,0.028839,Stage 2 (Advancing),BUY / HOLD,2910607,3311764,0.8789,False,-0.0052,73.31,132901098.0,2026-10-01
NVDA,NVIDIA CORPORATION,index|guide,230.04,205.0563,217.5942,0.160504,Stage 2 (Advancing),BUY / HOLD,50380305,120602254,0.4177,False,0.0572,73.26,27743341723.0,2026-10-01
MCRI,MCRI,index,116.18,115.7475,121.2927,0.16241,Stage 2 (Advancing),BUY / HOLD,136183,156295,0.8713,False,-0.0422,73.23,18158430.0,2026-10-01
MET,MET,index,94.35,84.8621,96.3014,0.06414,Stage 2 (Advancing),BUY / HOLD,2817477,3384127,0.8326,False,-0.0203,73.05,319292428.0,2026-10-01
UAL,UAL,index,111.78,108.1731,115.9128,0.058105,Stage 2 (Advancing),BUY / HOLD,4341532,3569834,1.2162,False,-0.0357,73.03,399036112.0,2026-10-01
PGNY,PGNY,index,24.85,24.1987,27.3444,0.017326,Stage 2 (Advancing),BUY / HOLD,1150861,1138223,1.0111,False,-0.0912,72.82,28284847.0,2026-10-01
UFPT,UFPT,index,294.99,242.6931,291.5634,0.174471,Stage 2 (Advancing),BUY / HOLD,102027,147994,0.6894,False,0.0118,72.75,43656908.0,2026-10-01
EG,EG,index,368.72,350.6538,372.8226,0.187052,Stage 2 (Advancing),BUY / HOLD,427894,362827,1.1793,False,-0.011,72.7,133781896.0,2026-10-01
HFWA,HFWA,index,27.89,27.7011,28.9566,0.032342,Stage 2 (Advancing),BUY / HOLD,473776,408819,1.1589,False,-0.0368,72.61,11401976.0,2026-10-01
GTES,GTES,index,26.5,25.7796,26.6026,0.017868,Stage 2 (Advancing),BUY / HOLD,1408433,1885526,0.747,False,-0.0039,72.54,49966456.0,2026-10-01
EBAY,EBAY,index,105.89,104.7704,107.2082,0.137468,Stage 2 (Advancing),BUY / HOLD,3603257,4715617,0.7641,False,-0.0123,72.5,499336696.0,2026-10-01
QCOM,QUALCOMM INCORPORATED,index|guide,182.09,171.6057,170.6441,0.114542,Stage 2 (Advancing),BUY / HOLD,9259672,12554911,0.7375,False,0.0671,72.34,2286123778.0,2026-10-01
AES,AES,index,14.92,14.4252,14.7623,0.006566,Stage 2 (Advancing),BUY / HOLD,9167520,7574656,1.2103,False,0.0107,72.32,113013874.0,2026-10-01
CUZ,CUZ,index,27.63,27.0268,29.4192,0.017642,Stage 2 (Advancing),BUY / HOLD,1151938,1543162,0.7465,False,-0.0608,72.22,42637586.0,2026-10-01
SIEGY,Siemens AG,guide,153.24,149.7682,158.999,0.09696,Stage 2 (Advancing),BUY / HOLD,11776,137919,0.0854,False,-0.0362,72.18,21134788.0,2026-10-01
MTUS,MTUS,index,19.42,18.794,19.9784,0.012161,Stage 2 (Advancing),BUY / HOLD,308233,367540,0.8386,False,-0.028,72.18,7137640.0,2026-10-01
GILD,GILD,index,147.5,136.0228,142.3356,0.087279,Stage 2 (Advancing),BUY / HOLD,4326189,6112947,0.7077,False,0.0363,72.13,901659798.0,2026-10-01
VCEL,VCEL,index,39.44,38.6518,42.2358,0.02478,Stage 2 (Advancing),BUY / HOLD,494944,500950,0.988,False,-0.0662,72.13,19757502.0,2026-10-01
CHE,CHE,index,502.9,457.247,523.0474,0.175311,Stage 2 (Advancing),BUY / HOLD,201684,160663,1.2553,False,-0.0385,72.11,80797764.0,2026-10-01
VRSN,VRSN,index,286.9,273.8799,288.4312,0.174731,Stage 2 (Advancing),BUY / HOLD,628343,769052,0.817,False,-0.0053,72.1,220641261.0,2026-10-01
EWBC,EWBC,index,125.02,122.801,129.6466,0.136266,Stage 2 (Advancing),BUY / HOLD,836266,726795,1.1506,False,-0.0357,72.08,90863948.0,2026-10-01
UNP,UNP,index,272.42,270.7293,290.3328,0.337138,Stage 2 (Advancing),BUY / HOLD,2271297,2669921,0.8507,False,-0.0617,71.96,727340171.0,2026-10-01
VRTX,VRTX,index,506.74,476.2042,517.5712,0.286,Stage 2 (Advancing),BUY / HOLD,1148372,1144777,1.0031,False,-0.0209,71.83,580104509.0,2026-10-01
CRSR,CRSR,index,13.85,9.0933,12.2703,0.01572,Stage 2 (Advancing),BUY / HOLD,1352551,1607371,0.8415,False,0.1287,71.83,22262089.0,2026-10-01
JPM,JPM,index,333.18,323.2977,352.5872,0.14844,Stage 2 (Advancing),BUY / HOLD,8034709,7030002,1.1429,False,-0.055,71.82,2342256075.0,2026-10-01
MLKN,MLKN,index,20.15,18.7434,22.1721,0.011281,Stage 2 (Advancing),BUY / HOLD,545828,649778,0.84,False,-0.0912,71.82,13093038.0,2026-10-01
LECO,LECO,index,269.4,262.5794,269.9473,0.156494,Stage 2 (Advancing),BUY / HOLD,351211,455970,0.7702,False,-0.002,71.77,122838374.0,2026-10-01
MRNA,MRNA,index,188.94,76.7241,120.974,0.261259,Stage 2 (Advancing),BUY / HOLD,15385477,19967631,0.7705,False,0.5618,71.76,3772684352.0,2026-10-01
EMR,EMR,index,158.57,143.6083,154.1445,0.068206,Stage 2 (Advancing),BUY / HOLD,2969857,2662777,1.1153,False,0.0287,71.72,422236591.0,2026-10-01
NEO,NEO,index,17.78,12.4271,17.1202,0.013371,Stage 2 (Advancing),BUY / HOLD,2468627,2180572,1.1321,False,0.0385,71.66,38770581.0,2026-10-01
DXCM,DXCM,index,86.23,73.9647,86.0782,0.042552,Stage 2 (Advancing),BUY / HOLD,3034236,4600960,0.6595,False,0.0018,71.6,396740858.0,2026-10-01
FAST,FAST,index,50.225,46.7668,49.7769,0.026269,Stage 2 (Advancing),BUY / HOLD,6197582,7073341,0.8762,False,0.009,71.49,355258573.0,2026-10-01
DOC,DOC,index,19.44,19.2095,20.8547,0.020943,Stage 2 (Advancing),BUY / HOLD,5732089,5279323,1.0858,False,-0.0678,71.41,102630057.0,2026-10-01
SJM,SJM,index,115.95,109.0448,122.1291,0.057061,Stage 2 (Advancing),BUY / HOLD,1201678,1322329,0.9088,False,-0.0506,71.19,153324108.0,2026-10-01
MCY,MCY,index,100.27,99.3772,103.6955,0.11349,Stage 2 (Advancing),BUY / HOLD,245506,291604,0.8419,False,-0.033,71.14,29239144.0,2026-10-01
ICUI,ICUI,index,157.18,146.0285,168.8124,0.075553,Stage 2 (Advancing),BUY / HOLD,248202,287584,0.8631,False,-0.0689,71.14,45202457.0,2026-10-01
KWR,KWR,index,158.39,146.2028,161.365,0.073149,Stage 2 (Advancing),BUY / HOLD,99790,152767,0.6532,False,-0.0184,71.0,24196892.0,2026-10-01
BANR,BANR,index,67.31,65.8938,70.4501,0.031806,Stage 2 (Advancing),BUY / HOLD,304476,309387,0.9841,False,-0.0446,70.86,20824873.0,2026-10-01
CR,CR,index,206.32,197.0508,209.4013,0.091055,Stage 2 (Advancing),BUY / HOLD,240608,427168,0.5633,False,-0.0147,70.7,88133338.0,2026-10-01
XNCR,XNCR,index,24.77,16.6561,24.0742,0.017965,Stage 2 (Advancing),BUY / HOLD,1089645,1324756,0.8225,False,0.0289,70.63,32814229.0,2026-10-01
PFE,PFE,index,28.12,26.0624,27.264,0.011837,Stage 2 (Advancing),BUY / HOLD,28881747,35920974,0.804,False,0.0314,70.63,1010097845.0,2026-10-01
HIW,HIW,index,29.09,27.1697,31.1042,0.011963,Stage 2 (Advancing),BUY / HOLD,997119,1214820,0.8208,False,-0.0648,70.52,35339125.0,2026-10-01
PAYO,PAYO,index,7.14,6.0653,7.1256,0.00245,Stage 2 (Advancing),BUY / HOLD,2889543,3753130,0.7699,False,0.002,70.23,26797354.0,2026-10-01
ABBV,ABBV,index,259.93,232.3914,257.7246,0.090545,Stage 2 (Advancing),BUY / HOLD,3657914,4617058,0.7923,False,0.0086,70.12,1200111925.0,2026-10-01
EBC,EBC,index,21.08,20.8309,22.2419,0.020968,Stage 2 (Advancing),BUY / HOLD,2282288,2429031,0.9396,False,-0.0522,70.05,51203989.0,2026-10-01
TDC,TDC,index,29.92,29.5974,28.6296,0.029746,Stage 2 (Advancing),BUY / HOLD,1642881,2340319,0.702,False,0.0451,70.04,70022363.0,2026-10-01
LH,LH,index,304.6,283.6391,318.647,0.10612,Stage 2 (Advancing),BUY / HOLD,558645,759762,0.7353,False,-0.0441,69.99,231423784.0,2026-10-01
MCK,MCK,index,898.82,840.7508,876.0113,0.083975,Stage 2 (Advancing),BUY / HOLD,1210050,949881,1.2739,False,0.026,69.99,853772047.0,2026-10-01
CNS,CNS,index,73.12,72.7468,79.2463,0.071549,Stage 2 (Advancing),BUY / HOLD,268393,265795,1.0098,False,-0.0773,69.95,19434994.0,2026-10-01
BDX,BDX,index,178.07,160.625,178.925,0.058678,Stage 2 (Advancing),BUY / HOLD,1283951,1814117,0.7078,False,-0.0048,69.92,323039831.0,2026-10-01
CNXN,CNXN,index,92.57,71.9761,83.4035,0.089348,Stage 2 (Advancing),BUY / HOLD,184011,147546,1.2471,False,0.1099,69.91,13658354.0,2026-10-01
PLUS,PLUS,index,92.89,84.4534,89.7546,0.030245,Stage 2 (Advancing),BUY / HOLD,190329,232260,0.8195,False,0.0349,69.86,21574685.0,2026-10-01
ITGR,ITGR,index,126.42,100.0685,122.429,0.098162,Stage 2 (Advancing),BUY / HOLD,410178,1142837,0.3589,False,0.0326,69.85,144477522.0,2026-10-01
CRL,CRL,index,286.83,213.2868,274.8488,0.208148,Stage 2 (Advancing),BUY / HOLD,607784,944135,0.6437,False,0.0436,69.81,270806424.0,2026-10-01
WRLD,WRLD,index,171.63,168.8925,185.5108,0.164543,Stage 2 (Advancing),BUY / HOLD,55395,89243,0.6207,False,-0.0748,69.79,15316931.0,2026-10-01
PRU,PRU,index,113.13,106.7846,119.5658,0.037065,Stage 2 (Advancing),BUY / HOLD,1504004,1713966,0.8775,False,-0.0538,69.78,193900978.0,2026-10-01
HTH,HTH,index,37.93,37.59,38.7448,0.028922,Stage 2 (Advancing),BUY / HOLD,345563,287589,1.2016,False,-0.021,69.77,10908261.0,2026-10-01
FIBK,FIBK,index,35.77,35.7003,37.3423,0.028603,Stage 2 (Advancing),BUY / HOLD,1354148,1162658,1.1647,False,-0.0421,69.73,41588312.0,2026-10-01
ASB,ASB,index,28.72,28.4839,30.3989,0.026108,Stage 2 (Advancing),BUY / HOLD,1967008,1876392,1.0483,False,-0.0552,69.72,53889982.0,2026-10-01
TRMK,TRMK,index,45.08,44.7454,46.5796,0.043022,Stage 2 (Advancing),BUY / HOLD,335983,387839,0.8663,False,-0.0322,69.69,17483813.0,2026-10-01
CNH,CNH,index,12.85,11.1115,12.054,0.003706,Stage 2 (Advancing),BUY / HOLD,16909670,20041949,0.8437,False,0.066,69.67,257539057.0,2026-10-01
BAX,BAX,index,23.64,21.0236,25.2106,0.005314,Stage 2 (Advancing),BUY / HOLD,7380987,6871931,1.0741,False,-0.0623,69.61,162452462.0,2026-10-01
CORT,CORT,index,114.025,76.9819,112.6071,0.072995,Stage 2 (Advancing),BUY / HOLD,844770,1346427,0.6274,False,0.0126,69.59,153526386.0,2026-10-01
PRK,PRK,index,179.16,178.2881,194.4125,0.168958,Stage 2 (Advancing),BUY / HOLD,103486,105455,0.9813,False,-0.0785,69.58,18893447.0,2026-10-01
NSIT,NSIT,index,161.33,111.0067,149.553,0.104978,Stage 2 (Advancing),BUY / HOLD,334340,378840,0.8825,False,0.0787,69.57,61118387.0,2026-10-01
QNST,QNST,index,14.92,14.6243,17.8012,0.001768,Stage 2 (Advancing),BUY / HOLD,1236807,1049940,1.178,False,-0.1619,69.39,15665107.0,2026-10-01
NEU,NEU,index,921.14,763.4315,888.5049,0.223689,Stage 2 (Advancing),BUY / HOLD,125081,125841,0.994,False,0.0367,69.34,115917752.0,2026-10-01
BBY,BBY,index,87.7,73.367,86.8401,0.021476,Stage 2 (Advancing),BUY / HOLD,3420914,3681102,0.9293,False,0.0099,69.34,322832659.0,2026-10-01
ZM,"ZOOM COMMUNICATIONS, INC.",guide,93.8,92.0992,97.0449,0.070315,Stage 2 (Advancing),BUY / HOLD,3654033,3189894,1.1455,False,-0.0334,69.27,299212129.0,2026-10-01
MSI,MSI,index,448.03,436.9487,459.5182,0.121312,Stage 2 (Advancing),BUY / HOLD,676713,939774,0.7201,False,-0.025,69.22,421047061.0,2026-10-01
HOG,HOG,index,24.83,23.9793,26.4074,0.006646,Stage 2 (Advancing),BUY / HOLD,1940911,1994932,0.9729,False,-0.0597,69.22,49534167.0,2026-10-01
MSA,MSA,index,179.03,174.8188,185.0367,0.047507,Stage 2 (Advancing),BUY / HOLD,178047,265164,0.6715,False,-0.0325,69.17,47472479.0,2026-10-01
HAE,HAE,index,104.37,76.1645,98.3372,0.06772,Stage 2 (Advancing),BUY / HOLD,454252,715773,0.6346,False,0.0613,69.11,74705234.0,2026-10-01
THC,THC,index,253.97,216.108,260.5416,0.055738,Stage 2 (Advancing),BUY / HOLD,425838,949776,0.4484,False,-0.0252,69.06,241214805.0,2026-10-01
URBN,URBN,index,78.77,71.9395,76.641,0.011273,Stage 2 (Advancing),BUY / HOLD,1211221,1108380,1.0928,False,0.0278,69.0,87307122.0,2026-10-01
HSTM,HSTM,index,30.36,25.3372,28.8665,0.006301,Stage 2 (Advancing),BUY / HOLD,191674,197923,0.9684,False,0.0517,68.99,6008957.0,2026-10-01
WEX,WEX,index,168.66,163.8033,188.8514,0.039281,Stage 2 (Advancing),BUY / HOLD,515239,663646,0.7764,False,-0.1069,68.92,111930668.0,2026-10-01
UGI,UGI,index,36.36,35.606,36.6909,0.006316,Stage 2 (Advancing),BUY / HOLD,2228456,2099885,1.0612,False,-0.009,68.91,76351824.0,2026-10-01
ITT,ITT,index,202.13,199.5616,204.7165,0.140389,Stage 2 (Advancing),BUY / HOLD,966302,854902,1.1303,False,-0.0126,68.67,172801354.0,2026-10-01
TECH,TECH,index,72.4,61.6072,72.2237,0.012549,Stage 2 (Advancing),BUY / HOLD,2711395,3118207,0.8695,False,0.0024,68.63,225758257.0,2026-10-01
NWS,NWS,index,31.45,30.4679,32.8807,0.00381,Stage 2 (Advancing),BUY / HOLD,1250531,1168434,1.0703,False,-0.0435,68.56,36747270.0,2026-10-01
TT,TT,index,458.94,456.7747,454.0598,0.371167,Stage 2 (Advancing),BUY / HOLD,1069496,1124373,0.9512,False,0.0107,68.5,516020170.0,2026-10-01
SAFT,SAFT,index,103.81,82.2359,102.3201,0.064413,Stage 2 (Advancing),BUY / HOLD,162819,236986,0.687,False,0.0146,68.27,24601556.0,2026-10-01
SOLV,SOLV,index,87.77,77.5862,87.9132,0.01228,Stage 2 (Advancing),BUY / HOLD,723281,1053175,0.6868,False,-0.0016,68.27,92437221.0,2026-10-01
AWR,AWR,index,81.19,80.4098,86.6669,0.06224,Stage 2 (Advancing),BUY / HOLD,235132,237798,0.9888,False,-0.0632,68.19,19306872.0,2026-10-01
PCRX,PCRX,index,25.01,24.2097,25.2756,0.003601,Stage 2 (Advancing),BUY / HOLD,510596,605031,0.8439,False,-0.0105,68.19,15131848.0,2026-10-01
ESS,ESS,index,269.51,268.3553,278.7527,0.170555,Stage 2 (Advancing),BUY / HOLD,573783,507095,1.1315,False,-0.0332,68.14,136667356.0,2026-10-01
HALO,HALO,index,106.94,80.1189,102.353,0.06057,Stage 2 (Advancing),BUY / HOLD,2315415,2291004,1.0107,False,0.0448,68.13,245000005.0,2026-10-01
WAT,WAT,index,425.53,360.8846,409.3276,0.050444,Stage 2 (Advancing),BUY / HOLD,760241,772772,0.9838,False,0.0396,68.12,328838017.0,2026-10-01
SW,SW,index,43.04,42.8968,46.5726,0.02835,Stage 2 (Advancing),BUY / HOLD,5183998,4769547,1.0869,False,-0.0759,67.98,205281349.0,2026-10-01
NWSA,NWSA,index,28.64,26.841,29.2294,0.002915,Stage 2 (Advancing),BUY / HOLD,3385027,4149928,0.8157,False,-0.0202,67.87,118853951.0,2026-10-01
DBX,DBX,index,34.08,28.7868,34.209,0.000401,Stage 2 (Advancing),BUY / HOLD,4821606,4433586,1.0875,False,-0.0038,67.81,151096623.0,2026-10-01
ACIW,ACIW,index,49.69,47.4628,52.9356,0.004746,Stage 2 (Advancing),BUY / HOLD,694010,880024,0.7886,False,-0.0613,67.8,43728401.0,2026-10-01
PKG,PKG,index,229.71,225.8793,241.8941,0.16216,Stage 2 (Advancing),BUY / HOLD,597333,618814,0.9653,False,-0.0504,67.74,142147920.0,2026-10-01
OKTA,OKTA,index,212.63,119.7362,163.2457,0.220429,Stage 2 (Advancing),BUY / HOLD,2982732,3608952,0.8265,False,0.3025,67.73,767371617.0,2026-10-01
V,V,index,358.81,337.7546,368.2896,0.020536,Stage 2 (Advancing),BUY / HOLD,1973105,6523054,0.3025,False,-0.0257,67.49,2340537026.0,2026-10-01
SHC,SHC,index,18.12,16.6819,18.6108,0.000876,Stage 2 (Advancing),BUY / HOLD,1638547,2501154,0.6551,False,-0.0264,67.42,45320930.0,2026-10-01
WOR,WOR,index,59.14,55.2916,57.8948,0.002786,Stage 2 (Advancing),BUY / HOLD,238364,343841,0.6932,False,0.0215,67.4,20334773.0,2026-10-01
SKY,SKY,index,87.48,81.1677,87.2618,0.003451,Stage 2 (Advancing),BUY / HOLD,540616,616076,0.8775,False,0.0025,67.34,53894359.0,2026-10-01
BIO,BIO,index,355.57,310.1058,364.5884,0.008957,Stage 2 (Advancing),BUY / HOLD,264577,280017,0.9449,False,-0.0247,67.23,99565839.0,2026-10-01
NET,"CLOUDFLARE, INC.",guide,351.0,250.4901,305.9918,0.288102,Stage 2 (Advancing),BUY / HOLD,2677284,3454513,0.775,False,0.1471,67.2,1212534302.0,2026-10-01
ABM,ABM,index,48.46,43.6008,48.3612,0.001002,Stage 2 (Advancing),BUY / HOLD,346561,458963,0.7551,False,0.002,67.18,22241357.0,2026-10-01
OTTR,OTTR,index,88.46,88.4396,90.36,0.055341,Stage 2 (Advancing),BUY / HOLD,166862,232011,0.7192,False,-0.021,67.01,20523714.0,2026-10-01
MMM,MMM,index,163.02,158.7298,173.1838,0.000216,Stage 2 (Advancing),BUY / HOLD,2836702,3015498,0.9407,False,-0.0587,67.01,491586503.0,2026-10-01
AMZN,"AMAZON.COM, INC.",index|guide,247.34,246.0041,256.1688,0.149173,Stage 2 (Advancing),BUY / HOLD,17268146,39709268,0.4349,False,-0.0345,66.85,9821690429.0,2026-10-01
XYZ,XYZ,index,74.04,72.9438,79.7064,0.038542,Stage 2 (Advancing),BUY / HOLD,3673723,4446224,0.8263,False,-0.0711,66.23,329198463.0,2026-10-01
SSB,SSB,index,100.61,98.8236,105.7047,0.041055,Stage 2 (Advancing),BUY / HOLD,852997,771041,1.1063,False,-0.0482,66.17,77574530.0,2026-10-01
BLFS,BLFS,index,36.78,27.3453,35.392,0.013908,Stage 2 (Advancing),BUY / HOLD,919091,963333,0.9541,False,0.0392,66.07,35431417.0,2026-10-01
CART,CART,index,44.11,43.4723,47.3136,0.021579,Stage 2 (Advancing),BUY / HOLD,3682815,4062874,0.9065,False,-0.0677,65.97,179213388.0,2026-10-01
SBCF,SBCF,index,32.16,31.9715,33.9738,0.009224,Stage 2 (Advancing),BUY / HOLD,1062046,886378,1.1982,False,-0.0534,65.89,28505946.0,2026-10-01
AXTA,AXTA,index,31.85,31.7751,35.014,0.013981,Stage 2 (Advancing),BUY / HOLD,1738429,1810736,0.9601,False,-0.0904,65.52,57671961.0,2026-10-01
RVTY,RVTY,index,149.06,106.9314,127.0492,0.068123,Stage 2 (Advancing),BUY / HOLD,2438298,1887091,1.2921,False,0.1732,65.43,281289923.0,2026-10-01
EXPE,EXPE,index,262.67,259.1942,297.6506,0.108143,Stage 2 (Advancing),BUY / HOLD,1438763,1922281,0.7485,False,-0.1175,65.34,504925644.0,2026-10-01
CSW,CSW,index,292.38,287.479,312.5655,0.119141,Stage 2 (Advancing),BUY / HOLD,120805,141036,0.8566,False,-0.0646,65.32,41236136.0,2026-10-01
CVSA,CVSA,index,123.32,121.2135,127.7288,0.041882,Stage 2 (Advancing),BUY / HOLD,363478,354659,1.0249,False,-0.0345,64.96,43736617.0,2026-10-01
GHC,GHC,index,1151.29,1129.8069,1161.6716,0.375809,Stage 2 (Advancing),BUY / HOLD,26981,32613,0.8273,False,-0.0089,64.66,37547736.0,2026-10-01
CBSH,CBSH,index,54.83,54.1146,58.0259,0.017773,Stage 2 (Advancing),BUY / HOLD,839039,998786,0.8401,False,-0.0551,64.63,54763481.0,2026-10-01
HOMB,HOMB,index,28.56,28.0943,30.0937,0.005445,Stage 2 (Advancing),BUY / HOLD,1628327,1465428,1.1112,False,-0.051,64.44,41852638.0,2026-10-01
FIVN,FIVN,index,35.75,23.8346,32.1105,0.017171,Stage 2 (Advancing),BUY / HOLD,2989119,2758394,1.0836,False,0.1133,64.43,98612599.0,2026-10-01
NOG,NOG,index,23.52,23.3415,23.6609,0.004646,Stage 2 (Advancing),BUY / HOLD,2526671,2287059,1.1048,False,-0.006,64.43,53791639.0,2026-10-01
ANF,ANF,index,136.36,99.3604,124.1456,0.027633,Stage 2 (Advancing),BUY / HOLD,1136024,1642760,0.6915,False,0.0984,64.22,224006820.0,2026-10-01
AFG,AFG,index,138.08,135.5526,142.6798,0.037285,Stage 2 (Advancing),BUY / HOLD,323310,373414,0.8658,False,-0.0322,64.2,51561033.0,2026-10-01
AMCR,AMCR,index,41.81,41.3524,44.5911,0.010386,Stage 2 (Advancing),BUY / HOLD,3029675,3632453,0.8341,False,-0.0624,64.01,151872886.0,2026-10-01
DLTR,DLTR,index,114.43,113.9555,124.1694,0.028295,Stage 2 (Advancing),BUY / HOLD,1868115,2516394,0.7424,False,-0.0784,63.99,287951001.0,2026-10-01
AMP,AMP,index,494.82,489.5933,543.8227,0.093944,Stage 2 (Advancing),BUY / HOLD,557179,534705,1.042,False,-0.0901,63.87,264583019.0,2026-10-01
ECL,ECL,index,271.26,270.3414,278.1396,0.010313,Stage 2 (Advancing),BUY / HOLD,1555981,1332865,1.1674,False,-0.0247,63.64,361553141.0,2026-10-01
PLMR,PLMR,index,125.93,124.784,132.0933,0.014466,Stage 2 (Advancing),BUY / HOLD,249891,229715,1.0878,False,-0.0467,63.63,28928113.0,2026-10-01
HPQ,HPQ,index,32.15,24.2394,30.2436,0.004616,Stage 2 (Advancing),BUY / HOLD,13503508,15720512,0.859,False,0.063,63.52,505414490.0,2026-10-01
SWKS,SWKS,index,83.16,67.0118,73.7384,0.002316,Stage 2 (Advancing),BUY / HOLD,4608552,6503891,0.7086,False,0.1278,63.28,540863603.0,2026-10-01
TXNM,TXNM,index,58.53,57.8215,57.8172,0.008462,Stage 2 (Advancing),BUY / HOLD,940945,1282448,0.7337,False,0.0123,63.17,75061733.0,2026-10-01
SCHW,SCHW,index,98.37,97.3943,106.3232,0.014005,Stage 2 (Advancing),BUY / HOLD,6541627,7846902,0.8337,False,-0.0748,63.15,771899824.0,2026-10-01
NSP,NSP,index,48.63,38.1777,50.5395,0.005016,Stage 2 (Advancing),BUY / HOLD,444977,474671,0.9374,False,-0.0378,63.05,23083277.0,2026-10-01
TREX,TREX,index,43.5,42.6573,45.476,0.001096,Stage 2 (Advancing),BUY / HOLD,1962989,1775083,1.1059,False,-0.0435,63.05,77216144.0,2026-10-01
ZBRA,ZBRA,index,375.45,272.3859,348.4978,0.001161,Stage 2 (Advancing),BUY / HOLD,390108,691214,0.5644,False,0.0773,62.03,259516365.0,2026-10-01
CVI,CVI,index,54.36,34.7494,41.8643,0.01299,Stage 2 (Advancing),BUY / HOLD,964412,1090500,0.8844,False,0.2985,55.99,59279594.0,2026-10-01
FIX,FIX,index,1685.29,1689.9362,1658.6759,5.590384,Stage 1 (Basing),HOLD / WATCH,286383,397033,0.7213,False,0.016,5.0,669116872.0,2026-10-01
STRL,STRL,index,505.12,597.4703,525.0504,2.175058,Stage 1 (Basing),HOLD / WATCH,370608,656458,0.5646,False,-0.038,5.0,331590143.0,2026-10-01
CAT,CAT,index,826.35,837.3859,824.4308,2.16466,Stage 1 (Basing),HOLD / WATCH,2116227,2649084,0.7989,False,0.0023,5.0,2189070945.0,2026-10-01
AGX,AGX,index,379.58,567.8281,473.9648,2.040016,Stage 1 (Basing),HOLD / WATCH,293131,364550,0.8041,False,-0.1991,5.0,138376119.0,2026-10-01
EQIX,EQIX,index,1006.63,1034.9203,1041.9669,1.836569,Stage 1 (Basing),HOLD / WATCH,151982,557705,0.2725,False,-0.0339,5.0,561403231.0,2026-10-01
CIEN,CIEN,index,379.14,433.7819,374.2872,1.76923,Stage 1 (Basing),HOLD / WATCH,2559197,2369003,1.0803,False,0.013,5.0,898184189.0,2026-10-01
CASY,CASY,index,619.5,770.6723,750.5517,1.671375,Stage 1 (Basing),HOLD / WATCH,615301,507138,1.2133,False,-0.1746,5.0,314172003.0,2026-10-01
CRS,CRS,index,383.69,473.3802,483.2365,1.379338,Stage 1 (Basing),HOLD / WATCH,781911,761398,1.0269,False,-0.206,5.0,292140885.0,2026-10-01
GS,GS,index,896.67,966.3301,1004.3944,1.249872,Stage 1 (Basing),HOLD / WATCH,2536014,2003910,1.2655,False,-0.1073,5.0,1796846197.0,2026-10-01
MYRG,MYRG,index,297.92,356.4565,310.7368,1.153333,Stage 1 (Basing),HOLD / WATCH,149028,293842,0.5072,False,-0.0412,5.0,87541579.0,2026-10-01
CMI,CMI,index,517.0,614.595,582.4788,1.151824,Stage 1 (Basing),HOLD / WATCH,1644327,1059796,1.5515,False,-0.1124,5.0,547914811.0,2026-10-01
MUSA,MUSA,index,511.37,534.9475,545.9448,1.118612,Stage 1 (Basing),HOLD / WATCH,177573,279559,0.6352,False,-0.0633,5.0,142958320.0,2026-10-01
MKSI,MKSI,index,271.24,291.8797,277.093,1.072891,Stage 1 (Basing),HOLD / WATCH,1336703,1398560,0.9558,False,-0.0211,5.0,379345417.0,2026-10-01
EME,EME,index,769.03,795.2742,771.567,1.06855,Stage 1 (Basing),HOLD / WATCH,319713,387586,0.8249,False,-0.0033,5.0,298065473.0,2026-10-01
CW,CW,index,544.94,692.2549,629.62,1.013286,Stage 1 (Basing),HOLD / WATCH,400235,383942,1.0424,False,-0.1345,5.0,209225736.0,2026-10-01
RBC,RBC,index,508.49,564.2819,523.0466,0.972416,Stage 1 (Basing),HOLD / WATCH,201905,277888,0.7266,False,-0.0278,5.0,141303317.0,2026-10-01
FN,FN,index,451.44,547.3406,449.053,0.903455,Stage 1 (Basing),HOLD / WATCH,958776,886727,1.0813,False,0.0053,5.0,400304274.0,2026-10-01
MTZ,MTZ,index,213.66,326.0767,255.2344,0.891146,Stage 1 (Basing),HOLD / WATCH,1198441,1562490,0.767,False,-0.1629,5.0,333841794.0,2026-10-01
POWL,POWL,index,190.6,227.5911,194.8804,0.878179,Stage 1 (Basing),HOLD / WATCH,466138,608126,0.7665,False,-0.022,5.0,115908964.0,2026-10-01
VRT,VRT,index,246.12,288.4754,261.7571,0.875638,Stage 1 (Basing),HOLD / WATCH,3464259,5522487,0.6273,False,-0.0597,5.0,1359194518.0,2026-10-01
AEIS,AEIS,index,294.11,320.1303,289.3809,0.793032,Stage 1 (Basing),HOLD / WATCH,432280,596539,0.7246,False,0.0163,5.0,175448253.0,2026-10-01
JBL,JBL,index,299.79,320.6364,317.1864,0.791684,Stage 1 (Basing),HOLD / WATCH,2439572,1189381,2.0511,False,-0.0548,5.0,356564672.0,2026-10-01
SAIA,SAIA,index,344.38,397.4063,358.2306,0.683653,Stage 1 (Basing),HOLD / WATCH,444072,434659,1.0217,False,-0.0387,5.0,149688020.0,2026-10-01
DY,DY,index,269.96,393.502,344.7942,0.678741,Stage 1 (Basing),HOLD / WATCH,594180,621577,0.9559,False,-0.217,5.0,167801084.0,2026-10-01
FDX,FDX,index,287.07,308.6966,312.9503,0.67726,Stage 1 (Basing),HOLD / WATCH,1727303,1563986,1.1044,False,-0.0827,5.0,448973490.0,2026-10-01
VMI,VMI,index,468.28,484.3057,479.2209,0.669627,Stage 1 (Basing),HOLD / WATCH,235305,188594,1.2477,False,-0.0228,5.0,88314845.0,2026-10-01
CACC,CACC,index,511.95,548.6263,579.786,0.651027,Stage 1 (Basing),HOLD / WATCH,231452,122385,1.8912,False,-0.117,5.0,62655023.0,2026-10-01
ESE,ESE,index,269.92,299.6172,286.886,0.649483,Stage 1 (Basing),HOLD / WATCH,176499,220271,0.8013,False,-0.0591,5.0,59455816.0,2026-10-01
WWD,WWD,index,336.19,370.3513,349.9076,0.643133,Stage 1 (Basing),HOLD / WATCH,662437,691408,0.9581,False,-0.0392,5.0,232444706.0,2026-10-01
UNF,UNF,index,252.32,268.0049,279.0792,0.637949,Stage 1 (Basing),HOLD / WATCH,319127,260640,1.2244,False,-0.0959,5.0,65764823.0,2026-10-01
JBHT,JBHT,index,227.2,253.8755,261.7182,0.627152,Stage 1 (Basing),HOLD / WATCH,728305,996374,0.731,False,-0.1319,5.0,226376192.0,2026-10-01
TDY,TDY,index,612.7,634.0121,634.4974,0.608675,Stage 1 (Basing),HOLD / WATCH,260100,295226,0.881,False,-0.0344,5.0,180884974.0,2026-10-01
GLW,GLW,index,160.42,164.5115,152.6295,0.580085,Stage 1 (Basing),HOLD / WATCH,7602265,10529641,0.722,False,0.051,5.0,1689165038.0,2026-10-01
TPL,TPL,index,336.46,410.0517,366.5894,0.568187,Stage 1 (Basing),HOLD / WATCH,348721,382052,0.9128,False,-0.0822,5.0,128545354.0,2026-10-01
TTMI,TTMI,index,126.5,137.3375,123.3184,0.556789,Stage 1 (Basing),HOLD / WATCH,1782824,2528810,0.705,False,0.0258,5.0,319894526.0,2026-10-01
STLD,STLD,index,226.17,227.3357,242.4899,0.546384,Stage 1 (Basing),HOLD / WATCH,1065799,1119459,0.9521,False,-0.0673,5.0,253188262.0,2026-10-01
MAR,MAR,index,354.79,355.9416,351.712,0.518054,Stage 1 (Basing),HOLD / WATCH,1108544,1638304,0.6766,False,0.0088,5.0,581254202.0,2026-10-01
DVA,DVA,index,176.35,185.3282,190.5768,0.491708,Stage 1 (Basing),HOLD / WATCH,653369,817951,0.7988,False,-0.0747,5.0,144245731.0,2026-10-01
ENS,ENS,index,189.59,196.8251,185.1341,0.480991,Stage 1 (Basing),HOLD / WATCH,837610,538864,1.5544,False,0.0241,5.0,102163262.0,2026-10-01
KALU,KALU,index,148.39,158.7847,162.1372,0.480352,Stage 1 (Basing),HOLD / WATCH,243531,246592,0.9876,False,-0.0848,5.0,36591879.0,2026-10-01
GOOGL,GOOGL,index,336.7397,344.7123,343.6829,0.475895,Stage 1 (Basing),HOLD / WATCH,18945282,27213645,0.6962,False,-0.0202,5.0,9163914462.0,2026-10-01
R,R,index,230.92,240.7091,249.1696,0.468851,Stage 1 (Basing),HOLD / WATCH,286447,286948,0.9983,False,-0.0732,5.0,66262249.0,2026-10-01
GNRC,GNRC,index,207.91,225.2672,200.6764,0.464671,Stage 1 (Basing),HOLD / WATCH,982611,1290720,0.7613,False,0.036,5.0,268353646.0,2026-10-01
ENVA,ENVA,index,171.49,190.4197,224.8746,0.462166,Stage 1 (Basing),HOLD / WATCH,357146,365310,0.9776,False,-0.2374,5.0,62647172.0,2026-10-01
SPHR,SPHR,index,128.55,139.0353,148.197,0.457326,Stage 1 (Basing),HOLD / WATCH,813393,679185,1.1976,False,-0.1326,5.0,87309344.0,2026-10-01
GOOG,ALPHABET INC.,index|guide,334.93,342.5174,341.1966,0.4564,Stage 1 (Basing),HOLD / WATCH,19510440,18329748,1.0644,False,-0.0184,5.0,6139182631.0,2026-10-01
XPO,XPO,index,179.73,202.0592,191.8364,0.44653,Stage 1 (Basing),HOLD / WATCH,1007856,1019475,0.9886,False,-0.0631,5.0,183230259.0,2026-10-01
LIN,LIN,index,469.45,495.3146,480.1241,0.444123,Stage 1 (Basing),HOLD / WATCH,2117232,2082122,1.0169,False,-0.0222,5.0,977452499.0,2026-10-01
ODFL,ODFL,index,178.1,206.7929,197.3926,0.435409,Stage 1 (Basing),HOLD / WATCH,1891295,1775177,1.0654,False,-0.0977,5.0,316159195.0,2026-10-01
HWM,HWM,index,228.38,257.2199,259.2701,0.426381,Stage 1 (Basing),HOLD / WATCH,2571786,2962405,0.8681,False,-0.1191,5.0,676554233.0,2026-10-01
UNH,UNH,index,365.2,367.2695,392.9998,0.416,Stage 1 (Basing),HOLD / WATCH,3926886,4587053,0.8561,False,-0.0707,5.0,1675192075.0,2026-10-01
UCTT,UCTT,index,78.64,81.469,77.6498,0.396957,Stage 1 (Basing),HOLD / WATCH,1178738,1062256,1.1097,False,0.0128,5.0,83535871.0,2026-10-01
FCFS,FCFS,index,208.15,212.0598,214.9093,0.392456,Stage 1 (Basing),HOLD / WATCH,386489,430259,0.8983,False,-0.0315,5.0,89558571.0,2026-10-01
LSTR,LSTR,index,170.14,182.4884,177.941,0.39129,Stage 1 (Basing),HOLD / WATCH,483474,431399,1.1207,False,-0.0438,5.0,73398307.0,2026-10-01
SEZL,SEZL,index,109.715,114.4367,127.8093,0.37579,Stage 1 (Basing),HOLD / WATCH,369206,619504,0.596,False,-0.1416,5.0,67968892.0,2026-10-01
LMT,LMT,index,505.5,555.0447,555.414,0.368942,Stage 1 (Basing),HOLD / WATCH,881525,1183598,0.7448,False,-0.0899,5.0,598309042.0,2026-10-01
RRX,RRX,index,156.57,193.4644,169.9187,0.359336,Stage 1 (Basing),HOLD / WATCH,872643,1264768,0.69,False,-0.0786,5.0,198024870.0,2026-10-01
ICHR,ICHR,index,62.48,66.9742,62.524,0.358831,Stage 1 (Basing),HOLD / WATCH,649508,793496,0.8185,False,-0.0007,5.0,49577640.0,2026-10-01
ECG,ECG,index,119.63,133.097,123.0228,0.343657,Stage 1 (Basing),HOLD / WATCH,210372,500899,0.42,False,-0.0276,5.0,59922599.0,2026-10-01
PSMT,PSMT,index,167.64,168.9347,176.1202,0.341871,Stage 1 (Basing),HOLD / WATCH,209498,232079,0.9027,False,-0.0482,5.0,38905884.0,2026-10-01
HLT,HLT,index,314.78,320.5351,317.5518,0.331055,Stage 1 (Basing),HOLD / WATCH,593908,1845772,0.3218,False,-0.0087,5.0,581012158.0,2026-10-01
NXPI,NXPI,index,239.19,248.5908,232.5215,0.329732,Stage 1 (Basing),HOLD / WATCH,2323292,3777249,0.6151,False,0.0287,5.0,903480398.0,2026-10-01
COST,COST,index,914.94,966.8426,933.2078,0.328658,Stage 1 (Basing),HOLD / WATCH,2107763,2067323,1.0196,False,-0.0196,5.0,1891476749.0,2026-10-01
SNA,SNA,index,367.72,380.8772,389.7558,0.325665,Stage 1 (Basing),HOLD / WATCH,263533,310008,0.8501,False,-0.0565,5.0,113996385.0,2026-10-01
FANG,FANG,index,185.51,192.3219,197.7328,0.324028,Stage 1 (Basing),HOLD / WATCH,1864179,2443291,0.763,False,-0.0618,5.0,453255008.0,2026-10-01
HUBB,HUBB,index,466.98,487.1541,471.9373,0.323361,Stage 1 (Basing),HOLD / WATCH,536681,534903,1.0033,False,-0.0105,5.0,249789289.0,2026-10-01
Q,Q,index,128.45,135.031,127.6812,0.315599,Stage 1 (Basing),HOLD / WATCH,1302962,1751677,0.7438,False,0.006,5.0,225002936.0,2026-10-01
BURL,BURL,index,275.32,315.0409,303.0298,0.308683,Stage 1 (Basing),HOLD / WATCH,1867367,1359915,1.3731,False,-0.0914,5.0,374411901.0,2026-10-01
TKR,TKR,index,118.99,120.3973,125.0424,0.303046,Stage 1 (Basing),HOLD / WATCH,1128371,961035,1.1741,False,-0.0484,5.0,114353603.0,2026-10-01
CBOE,CBOE,index,277.19,292.5993,287.5222,0.301934,Stage 1 (Basing),HOLD / WATCH,1467583,1077129,1.3625,False,-0.0359,5.0,298569573.0,2026-10-01
AVGO,BROADCOM INC.,index|guide,346.995,376.8724,373.4723,0.298508,Stage 1 (Basing),HOLD / WATCH,9659467,22510365,0.4291,False,-0.0709,5.0,7810984111.0,2026-10-01
CB,CB,index,331.3,333.2131,342.5154,0.295065,Stage 1 (Basing),HOLD / WATCH,1367467,1667037,0.8203,False,-0.0327,5.0,552289450.0,2026-10-01
COKE,COKE,index,187.11,189.2858,190.39,0.288379,Stage 1 (Basing),HOLD / WATCH,525051,507797,1.034,False,-0.0172,5.0,95013901.0,2026-10-01
ON,ON,index,80.08,86.4582,76.75,0.28112,Stage 1 (Basing),HOLD / WATCH,9907333,9938236,0.9969,False,0.0434,5.0,795854010.0,2026-10-01
MS,MS,index,188.01,197.5088,209.7987,0.275718,Stage 1 (Basing),HOLD / WATCH,9381164,4859823,1.9304,False,-0.1039,5.0,913695348.0,2026-10-01
AIR,AIR,index,99.9,122.6519,130.365,0.272125,Stage 1 (Basing),HOLD / WATCH,963399,478793,2.0121,False,-0.2337,5.0,47831519.0,2026-10-01
PNC,PNC,index,220.75,228.7221,242.6172,0.260103,Stage 1 (Basing),HOLD / WATCH,2208808,1596998,1.3831,False,-0.0901,5.0,352537344.0,2026-10-01
AKAM,AKAM,index,106.93,117.4187,112.0372,0.259198,Stage 1 (Basing),HOLD / WATCH,5514178,4316781,1.2774,False,-0.0456,5.0,461593454.0,2026-10-01
CAR,CAR,index,106.12,167.9775,133.6532,0.250491,Stage 1 (Basing),HOLD / WATCH,579667,417439,1.3886,False,-0.206,5.0,44298664.0,2026-10-01
PEN,PEN,index,318.0,324.5638,321.6256,0.248601,Stage 1 (Basing),HOLD / WATCH,348170,333949,1.0426,False,-0.0113,5.0,106195909.0,2026-10-01
KEX,KEX,index,133.46,138.8699,137.0204,0.24827,Stage 1 (Basing),HOLD / WATCH,395237,471920,0.8375,False,-0.026,5.0,62982545.0,2026-10-01
RL,RL,index,362.66,364.4218,362.2485,0.247873,Stage 1 (Basing),HOLD / WATCH,603211,645460,0.9345,False,0.0011,5.0,234082606.0,2026-10-01
PSA,PSA,index,284.0,301.6415,307.7682,0.245783,Stage 1 (Basing),HOLD / WATCH,950234,923226,1.0293,False,-0.0772,5.0,262196377.0,2026-10-01
APD,APD,index,273.33,290.9859,296.1002,0.242947,Stage 1 (Basing),HOLD / WATCH,1479171,1096381,1.3491,False,-0.0769,5.0,299673919.0,2026-10-01
LQDA,LQDA,index,27.99,59.9105,73.1828,0.241497,Stage 1 (Basing),HOLD / WATCH,21524767,2214453,9.7201,False,-0.6175,5.0,61982548.0,2026-10-01
MTB,MTB,index,217.35,224.1464,238.2873,0.241233,Stage 1 (Basing),HOLD / WATCH,904590,1014949,0.8913,False,-0.0879,5.0,220599345.0,2026-10-01
CF,CF,index,114.54,119.9445,124.4556,0.240801,Stage 1 (Basing),HOLD / WATCH,2422666,2511385,0.9647,False,-0.0797,5.0,287654077.0,2026-10-01
AZZ,AZZ,index,135.41,139.9303,141.807,0.237082,Stage 1 (Basing),HOLD / WATCH,193920,239248,0.8105,False,-0.0451,5.0,32396627.0,2026-10-01
SPG,SPG,index,200.81,205.3694,213.9101,0.232958,Stage 1 (Basing),HOLD / WATCH,1139394,1270397,0.8969,False,-0.0612,5.0,255108595.0,2026-10-01
ALB,ALB,index,105.03,151.7729,122.7844,0.229916,Stage 1 (Basing),HOLD / WATCH,1931263,2357177,0.8193,False,-0.1446,5.0,247574325.0,2026-10-01
NSC,NSC,index,310.26,314.6576,331.5782,0.227462,Stage 1 (Basing),HOLD / WATCH,831636,1179364,0.7052,False,-0.0643,5.0,365909710.0,2026-10-01
ALL,ALL,index,224.41,230.1362,253.6856,0.221367,Stage 1 (Basing),HOLD / WATCH,2914363,1947987,1.4961,False,-0.1154,5.0,437147828.0,2026-10-01
GE,GE,index,312.39,326.2593,342.5136,0.219122,Stage 1 (Basing),HOLD / WATCH,3414907,3860260,0.8846,False,-0.0879,5.0,1205906722.0,2026-10-01
VAL,VAL,index,79.56,88.3023,82.9988,0.218352,Stage 1 (Basing),HOLD / WATCH,1461779,1166581,1.253,False,-0.0414,5.0,92813228.0,2026-10-01
SNEX,SNEX,index,65.4,69.4429,69.1244,0.207047,Stage 1 (Basing),HOLD / WATCH,886952,916537,0.9677,False,-0.0539,5.0,59941524.0,2026-10-01
IRM,IRM,index,111.13,117.3103,118.5497,0.200874,Stage 1 (Basing),HOLD / WATCH,1630582,1668779,0.9771,False,-0.0626,5.0,185451477.0,2026-10-01
KGS,KGS,index,53.56,62.7096,58.887,0.200418,Stage 1 (Basing),HOLD / WATCH,990181,1843999,0.537,False,-0.0905,5.0,98764622.0,2026-10-01
ARWR,ARWR,index,64.79,74.608,81.2664,0.198051,Stage 1 (Basing),HOLD / WATCH,1521652,1734967,0.877,False,-0.2027,5.0,112408516.0,2026-10-01
EGP,EGP,index,194.84,197.8206,200.7241,0.197704,Stage 1 (Basing),HOLD / WATCH,495144,501338,0.9876,False,-0.0293,5.0,97680866.0,2026-10-01
ALSN,ALSN,index,116.28,120.0138,122.12,0.195482,Stage 1 (Basing),HOLD / WATCH,772806,830010,0.9311,False,-0.0478,5.0,96513576.0,2026-10-01
AMKR,AMKR,index,52.9,60.374,51.8455,0.194751,Stage 1 (Basing),HOLD / WATCH,3365400,4941550,0.681,False,0.0203,5.0,261408003.0,2026-10-01
POWI,POWI,index,51.5,62.5278,55.3761,0.192528,Stage 1 (Basing),HOLD / WATCH,743955,753125,0.9878,False,-0.07,5.0,38785943.0,2026-10-01
C,C,index,127.0,128.2828,133.906,0.188917,Stage 1 (Basing),HOLD / WATCH,13352095,9491083,1.4068,False,-0.0516,5.0,1205367655.0,2026-10-01
FTI,FTI,index,68.85,71.2057,74.1875,0.18635,Stage 1 (Basing),HOLD / WATCH,2140315,3044836,0.7029,False,-0.0719,5.0,209636975.0,2026-10-01
LAMR,LAMR,index,143.34,144.2265,150.608,0.185982,Stage 1 (Basing),HOLD / WATCH,646392,588519,1.0983,False,-0.0483,5.0,84358432.0,2026-10-01
PRI,PRI,index,274.72,280.6725,298.6056,0.185473,Stage 1 (Basing),HOLD / WATCH,165820,189080,0.877,False,-0.08,5.0,51944168.0,2026-10-01
DOV,DOV,index,188.06,209.2068,197.4872,0.183992,Stage 1 (Basing),HOLD / WATCH,1234200,1283672,0.9615,False,-0.0477,5.0,241407353.0,2026-10-01
DD,DD,index,129.2,137.9151,135.2941,0.182052,Stage 1 (Basing),HOLD / WATCH,911288,1376825,0.6619,False,-0.045,5.0,177885884.0,2026-10-01
RIO,RIO TINTO PLC,guide,92.87,96.0992,98.0532,0.181878,Stage 1 (Basing),HOLD / WATCH,2084058,2150577,0.9691,False,-0.0529,5.0,199724107.0,2026-10-01
MOH,MOH,index,180.85,186.1711,198.4464,0.179972,Stage 1 (Basing),HOLD / WATCH,1046058,712899,1.4673,False,-0.0887,5.0,128927817.0,2026-10-01
DTM,DTM,index,120.08,136.2707,129.9289,0.177239,Stage 1 (Basing),HOLD / WATCH,792303,956702,0.8282,False,-0.0758,5.0,114880785.0,2026-10-01
BG,BG,index,106.61,118.1665,113.825,0.176046,Stage 1 (Basing),HOLD / WATCH,2938191,1687817,1.7408,False,-0.0634,5.0,179938259.0,2026-10-01
DLR,DLR,index,176.49,184.9865,187.2147,0.173836,Stage 1 (Basing),HOLD / WATCH,1894134,2256126,0.8396,False,-0.0573,5.0,398183810.0,2026-10-01
H,H,index,160.94,170.9163,170.4848,0.170524,Stage 1 (Basing),HOLD / WATCH,876323,822602,1.0653,False,-0.056,5.0,132389642.0,2026-10-01
TPR,TPR,index,119.24,138.663,130.6313,0.167712,Stage 1 (Basing),HOLD / WATCH,3148737,3165256,0.9948,False,-0.0872,5.0,377425207.0,2026-10-01
ALGN,ALGN,index,145.345,170.1313,160.6561,0.166669,Stage 1 (Basing),HOLD / WATCH,619778,914931,0.6774,False,-0.0953,5.0,132980729.0,2026-10-01
LEA,LEA,index,121.37,128.6883,126.4453,0.166628,Stage 1 (Basing),HOLD / WATCH,591666,687543,0.8606,False,-0.0401,5.0,83447135.0,2026-10-01
VSH,VSH,index,34.27,34.6287,32.7851,0.164192,Stage 1 (Basing),HOLD / WATCH,3455264,4025041,0.8584,False,0.0453,5.0,137938167.0,2026-10-01
CHRW,CHRW,index,153.14,169.7898,151.8979,0.16384,Stage 1 (Basing),HOLD / WATCH,1487778,1754581,0.8479,False,0.0082,5.0,268696619.0,2026-10-01
CRUS,CRUS,index,120.17,143.1955,120.2358,0.163728,Stage 1 (Basing),HOLD / WATCH,487089,852577,0.5713,False,-0.0005,5.0,102454270.0,2026-10-01
LYV,LYV,index,166.85,169.2701,177.3844,0.161178,Stage 1 (Basing),HOLD / WATCH,2614356,1996041,1.3098,False,-0.0594,5.0,333039473.0,2026-10-01
HXL,HXL,index,86.74,92.2018,95.6216,0.159559,Stage 1 (Basing),HOLD / WATCH,1088567,892799,1.2193,False,-0.0929,5.0,77441413.0,2026-10-01
KNX,KNX,index,65.41,67.5601,68.709,0.156057,Stage 1 (Basing),HOLD / WATCH,3300933,3646242,0.9053,False,-0.048,5.0,238500746.0,2026-10-01
VSEC,VSEC,index,160.76,198.0817,202.7716,0.155951,Stage 1 (Basing),HOLD / WATCH,629292,382187,1.6466,False,-0.2072,5.0,61440515.0,2026-10-01
NXT,NXT,index,79.48,109.0238,89.1088,0.153562,Stage 1 (Basing),HOLD / WATCH,2249194,2367491,0.95,False,-0.1081,5.0,188168263.0,2026-10-01
HON,HONEYWELL INTERNATIONAL INCORPORATION,index|guide,213.8,229.6333,221.946,0.150613,Stage 1 (Basing),HOLD / WATCH,2390358,3115901,0.7671,False,-0.0367,5.0,666179678.0,2026-10-01
ANDE,ANDE,index,65.49,70.6724,68.7866,0.15048,Stage 1 (Basing),HOLD / WATCH,248165,365435,0.6791,False,-0.0479,5.0,23932357.0,2026-10-01
ECHO,ECHO,index,88.25,107.0838,89.4614,0.148073,Stage 1 (Basing),HOLD / WATCH,3560341,3699778,0.9623,False,-0.0135,5.0,326505481.0,2026-10-01
MRCY,MRCY,index,84.07,93.638,93.209,0.146408,Stage 1 (Basing),HOLD / WATCH,480427,710668,0.676,False,-0.098,5.0,59745904.0,2026-10-01
MSCI,MSCI,index,545.39,571.0523,560.2373,0.144774,Stage 1 (Basing),HOLD / WATCH,550373,610611,0.9013,False,-0.0265,5.0,333021393.0,2026-10-01
FRT,FRT,index,108.03,114.8313,116.8454,0.144328,Stage 1 (Basing),HOLD / WATCH,990390,875247,1.1316,False,-0.0754,5.0,94553019.0,2026-10-01
GVA,GVA,index,116.85,128.0899,120.2043,0.14371,Stage 1 (Basing),HOLD / WATCH,744135,707040,1.0525,False,-0.0279,5.0,82617705.0,2026-10-01
MCHP,MCHP,index,78.5,80.144,75.5907,0.143318,Stage 1 (Basing),HOLD / WATCH,6723924,9389302,0.7161,False,0.0385,5.0,737060245.0,2026-10-01
COCO,COCO,index,57.01,63.6693,60.9368,0.140736,Stage 1 (Basing),HOLD / WATCH,1183296,1224443,0.9664,False,-0.0644,5.0,69805546.0,2026-10-01
GD,GD,index,332.72,355.3384,370.543,0.140663,Stage 1 (Basing),HOLD / WATCH,1250749,1134684,1.1023,False,-0.1021,5.0,377532388.0,2026-10-01
WDFC,WDFC,index,202.33,218.0739,214.356,0.140646,Stage 1 (Basing),HOLD / WATCH,93159,114159,0.816,False,-0.0561,5.0,23097827.0,2026-10-01
UMBF,UMBF,index,129.79,131.4909,141.4951,0.137104,Stage 1 (Basing),HOLD / WATCH,742176,612707,1.2113,False,-0.0827,5.0,79523305.0,2026-10-01
WFRD,WFRD,index,78.44,93.5413,88.3634,0.136269,Stage 1 (Basing),HOLD / WATCH,886075,976231,0.9076,False,-0.1123,5.0,76575601.0,2026-10-01
IPGP,IPGP,index,83.66,103.3044,80.8056,0.134629,Stage 1 (Basing),HOLD / WATCH,433837,495766,0.8751,False,0.0353,5.0,41475847.0,2026-10-01
BWA,BWA,index,60.38,62.0995,64.511,0.134433,Stage 1 (Basing),HOLD / WATCH,1871524,2238786,0.836,False,-0.064,5.0,135177930.0,2026-10-01
PLD,PLD,index,128.18,138.2017,138.1712,0.133491,Stage 1 (Basing),HOLD / WATCH,5351763,4097231,1.3062,False,-0.0723,5.0,525183073.0,2026-10-01
CENX,CENX,index,35.99,52.1061,44.0382,0.131972,Stage 1 (Basing),HOLD / WATCH,1921253,1888789,1.0172,False,-0.1828,5.0,67977521.0,2026-10-01
RTX,RTX,index,185.01,194.4625,206.7858,0.13195,Stage 1 (Basing),HOLD / WATCH,3165132,4532526,0.6983,False,-0.1053,5.0,838562729.0,2026-10-01
OKE,OKE,index,87.16,88.6466,92.1541,0.130872,Stage 1 (Basing),HOLD / WATCH,3246125,3736650,0.8687,False,-0.0542,5.0,325686471.0,2026-10-01
WTFC,WTFC,index,143.55,149.9469,153.4717,0.128037,Stage 1 (Basing),HOLD / WATCH,809456,505051,1.6027,False,-0.0646,5.0,72500090.0,2026-10-01
VVX,VVX,index,70.71,75.2513,78.6898,0.127447,Stage 1 (Basing),HOLD / WATCH,446236,738320,0.6044,False,-0.1014,5.0,52206657.0,2026-10-01
LYB,LYB,index,57.78,64.9995,62.1006,0.124676,Stage 1 (Basing),HOLD / WATCH,3515208,3942656,0.8916,False,-0.0696,5.0,227806668.0,2026-10-01
CVS,CVS,index,85.2,90.2291,95.3112,0.124368,Stage 1 (Basing),HOLD / WATCH,6404449,7594940,0.8433,False,-0.1061,5.0,647088948.0,2026-10-01
YOU,YOU,index,41.74,50.5207,45.5697,0.124201,Stage 1 (Basing),HOLD / WATCH,1561930,1895348,0.8241,False,-0.084,5.0,79111854.0,2026-10-01
RMBS,RMBS,index,107.29,109.6948,93.3492,0.122258,Stage 1 (Basing),HOLD / WATCH,1116944,2457248,0.4546,False,0.1493,5.0,263638235.0,2026-10-01
ETR,ETR,index,100.4,108.7737,105.6829,0.12197,Stage 1 (Basing),HOLD / WATCH,4058878,2679377,1.5149,False,-0.05,5.0,269009511.0,2026-10-01
DRI,DRI,index,197.41,203.0837,211.6788,0.121864,Stage 1 (Basing),HOLD / WATCH,1296618,1187154,1.0922,False,-0.0674,5.0,234356147.0,2026-10-01
PHIN,PHIN,index,60.03,72.5166,69.2965,0.120227,Stage 1 (Basing),HOLD / WATCH,528236,390062,1.3542,False,-0.1337,5.0,23415465.0,2026-10-01
PCAR,PCAR,index,109.94,120.5746,124.9985,0.119976,Stage 1 (Basing),HOLD / WATCH,3964583,3387093,1.1705,False,-0.1205,5.0,372377085.0,2026-10-01
USFD,USFD,index,93.93,94.7051,101.3736,0.11972,Stage 1 (Basing),HOLD / WATCH,2108688,2302395,0.9159,False,-0.0734,5.0,216264034.0,2026-10-01
AAON,AAON,index,82.28,100.521,83.6873,0.118842,Stage 1 (Basing),HOLD / WATCH,1052189,1212169,0.868,False,-0.0168,5.0,99737328.0,2026-10-01
SBUX,SBUX,index,94.88,100.2805,102.2781,0.117229,Stage 1 (Basing),HOLD / WATCH,5097853,7045547,0.7236,False,-0.0723,5.0,668481486.0,2026-10-01
ITW,ITW,index,260.84,266.0454,277.3118,0.115803,Stage 1 (Basing),HOLD / WATCH,1571187,1285959,1.2218,False,-0.0594,5.0,335429734.0,2026-10-01
RGLD,RGLD,index,232.33,234.5309,239.399,0.114698,Stage 1 (Basing),HOLD / WATCH,536840,706252,0.7601,False,-0.0295,5.0,164083714.0,2026-10-01
ALGM,ALGM,index,36.38,42.4054,38.7095,0.112887,Stage 1 (Basing),HOLD / WATCH,2466821,2319232,1.0636,False,-0.0602,5.0,84373678.0,2026-10-01
ALGT,ALGT,index,75.46,87.3967,84.2208,0.112161,Stage 1 (Basing),HOLD / WATCH,518819,518790,1.0001,False,-0.104,5.0,39147922.0,2026-10-01
CSL,CSL,index,325.21,347.495,348.1947,0.109,Stage 1 (Basing),HOLD / WATCH,390321,557588,0.7,False,-0.066,5.0,181333325.0,2026-10-01
GLD,SPDR Gold,guide,382.76,409.2793,396.1202,0.108861,Stage 1 (Basing),HOLD / WATCH,5769214,9904804,0.5825,False,-0.0337,5.0,3791162983.0,2026-10-01
CAVA,CAVA,index,54.4,74.7057,61.5898,0.108029,Stage 1 (Basing),HOLD / WATCH,3475962,3499883,0.9932,False,-0.1167,5.0,190393654.0,2026-10-01
IDA,IDA,index,131.86,141.1827,137.6601,0.104209,Stage 1 (Basing),HOLD / WATCH,926067,542677,1.7065,False,-0.0421,5.0,71557434.0,2026-10-01
GOLF,GOLF,index,83.41,94.8887,89.4661,0.103984,Stage 1 (Basing),HOLD / WATCH,304646,381848,0.7978,False,-0.0677,5.0,31850020.0,2026-10-01
NE,NE,index,41.72,45.0059,43.7946,0.103197,Stage 1 (Basing),HOLD / WATCH,961446,1314644,0.7313,False,-0.0474,5.0,54846988.0,2026-10-01
CBT,CBT,index,76.35,80.7192,82.9688,0.102758,Stage 1 (Basing),HOLD / WATCH,606567,421423,1.4393,False,-0.0798,5.0,32175671.0,2026-10-01
AEP,AEP,index,119.75,128.3305,123.9232,0.102232,Stage 1 (Basing),HOLD / WATCH,4138590,3828235,1.0811,False,-0.0337,5.0,458431237.0,2026-10-01
DBD,DBD,index,63.18,76.6003,69.7678,0.102228,Stage 1 (Basing),HOLD / WATCH,321275,273639,1.1741,False,-0.0944,5.0,17288544.0,2026-10-01
CYTK,CYTK,index,65.62,72.1689,73.9512,0.101672,Stage 1 (Basing),HOLD / WATCH,1680198,1955159,0.8594,False,-0.1127,5.0,128297602.0,2026-10-01
EIX,EIX,index,53.8,69.1352,64.88,0.101025,Stage 1 (Basing),HOLD / WATCH,4379655,5246127,0.8348,False,-0.1708,5.0,282241634.0,2026-10-01
NGVT,NGVT,index,71.09,71.4069,71.704,0.100873,Stage 1 (Basing),HOLD / WATCH,274327,254328,1.0786,False,-0.0086,5.0,18080215.0,2026-10-01
AA,ALCOA CORPORATION,index|guide,42.06,57.6341,47.6248,0.1005,Stage 1 (Basing),HOLD / WATCH,4566854,4353913,1.0489,False,-0.1168,5.0,183125590.0,2026-10-01
SAH,SAH,index,63.76,76.3815,78.5447,0.100205,Stage 1 (Basing),HOLD / WATCH,326187,311111,1.0485,False,-0.1882,5.0,19836484.0,2026-10-01
MIDD,MIDD,index,102.69,120.6958,117.4414,0.100027,Stage 1 (Basing),HOLD / WATCH,483038,587022,0.8229,False,-0.1256,5.0,60281369.0,2026-10-01
SSD,SSD,index,172.59,184.9654,184.0082,0.099506,Stage 1 (Basing),HOLD / WATCH,294949,277208,1.064,False,-0.0621,5.0,47843497.0,2026-10-01
NBIX,NBIX,index,140.71,150.7787,156.2742,0.099021,Stage 1 (Basing),HOLD / WATCH,1973347,1318428,1.4967,False,-0.0996,5.0,185516145.0,2026-10-01
VTR,VTR,index,83.73,87.0494,90.4592,0.099017,Stage 1 (Basing),HOLD / WATCH,2807754,3472881,0.8085,False,-0.0744,5.0,290784344.0,2026-10-01
CTVA,CTVA,index,12.57,80.546,80.2997,0.098423,Stage 1 (Basing),HOLD / WATCH,87596860,6471663,13.5354,False,-0.8435,5.0,81348804.0,2026-10-01
SLB,SLB,index,48.66,51.5602,52.7286,0.097509,Stage 1 (Basing),HOLD / WATCH,14311268,13071541,1.0948,False,-0.0772,5.0,636061201.0,2026-10-01
KAI,KAI,index,263.52,307.4382,300.0942,0.096325,Stage 1 (Basing),HOLD / WATCH,146757,145231,1.0105,False,-0.1219,5.0,38271308.0,2026-10-01
ALKS,ALKS,index,40.54,41.5925,47.175,0.096249,Stage 1 (Basing),HOLD / WATCH,2280616,1843106,1.2374,False,-0.1406,5.0,74719532.0,2026-10-01
PNW,PNW,index,94.63,100.2324,97.9796,0.095988,Stage 1 (Basing),HOLD / WATCH,1934069,1175619,1.6451,False,-0.0342,5.0,111248859.0,2026-10-01
HCC,HCC,index,89.08,90.1171,94.3766,0.093964,Stage 1 (Basing),HOLD / WATCH,581555,657791,0.8841,False,-0.0561,5.0,58596032.0,2026-10-01
SEDG,SEDG,index,30.87,45.06,34.8254,0.092929,Stage 1 (Basing),HOLD / WATCH,3383537,3384132,0.9998,False,-0.1136,5.0,104468181.0,2026-10-01
UPS,UPS,index,93.89,101.9757,101.7946,0.092577,Stage 1 (Basing),HOLD / WATCH,3949005,4930304,0.801,False,-0.0777,5.0,462906249.0,2026-10-01
ESI,ESI,index,36.33,38.0351,35.8905,0.090231,Stage 1 (Basing),HOLD / WATCH,2537586,4614137,0.55,False,0.0122,5.0,167631632.0,2026-10-01
WMB,WMB,index,69.22,72.4858,71.8356,0.089987,Stage 1 (Basing),HOLD / WATCH,7203969,7176627,1.0038,False,-0.0364,5.0,496766156.0,2026-10-01
CFG,CFG,index,63.7,65.6341,69.9187,0.089388,Stage 1 (Basing),HOLD / WATCH,6305886,3554737,1.7739,False,-0.0889,5.0,226436795.0,2026-10-01
BKR,BKR,index,55.62,60.9684,60.5745,0.08917,Stage 1 (Basing),HOLD / WATCH,6479675,7961187,0.8139,False,-0.0818,5.0,442801240.0,2026-10-01
MTX,MTX,index,65.18,72.681,71.0095,0.089116,Stage 1 (Basing),HOLD / WATCH,143575,211961,0.6774,False,-0.0821,5.0,13815651.0,2026-10-01
TFIN,TFIN,index,61.13,68.3476,70.6928,0.088885,Stage 1 (Basing),HOLD / WATCH,363135,204540,1.7754,False,-0.1353,5.0,12503573.0,2026-10-01
UNFI,UNFI,index,44.78,47.0905,46.732,0.088176,Stage 1 (Basing),HOLD / WATCH,398450,582605,0.6839,False,-0.0418,5.0,26089051.0,2026-10-01
ST,ST,index,42.35,42.9552,43.6151,0.087371,Stage 1 (Basing),HOLD / WATCH,1444294,1482805,0.974,False,-0.029,5.0,62796827.0,2026-10-01
REX,REX,index,43.75,44.2764,43.0574,0.086477,Stage 1 (Basing),HOLD / WATCH,344296,202825,1.6975,False,0.0161,5.0,8873634.0,2026-10-01
ADEA,ADEA,index,25.34,27.2513,26.4188,0.086447,Stage 1 (Basing),HOLD / WATCH,1334569,1036898,1.2871,False,-0.0408,5.0,26274996.0,2026-10-01
BOH,BOH,index,68.72,76.71,76.3377,0.086307,Stage 1 (Basing),HOLD / WATCH,616289,394659,1.5616,False,-0.0998,5.0,27121021.0,2026-10-01
JBSS,JBSS,index,66.62,76.5353,75.1744,0.085683,Stage 1 (Basing),HOLD / WATCH,110092,139939,0.7867,False,-0.1138,5.0,9322793.0,2026-10-01
SCHL,SCHL,index,35.85,39.7211,38.5565,0.085525,Stage 1 (Basing),HOLD / WATCH,505271,417507,1.2102,False,-0.0702,5.0,14967640.0,2026-10-01
SOLS,SOLS,index,56.98,71.5909,59.5157,0.084447,Stage 1 (Basing),HOLD / WATCH,1842379,2822577,0.6527,False,-0.0426,5.0,160830469.0,2026-10-01
TXRH,TXRH,index,156.7,178.2061,189.8157,0.083808,Stage 1 (Basing),HOLD / WATCH,1036372,947335,1.094,False,-0.1745,5.0,148447461.0,2026-10-01
RUSHA,RUSHA,index,46.19,47.9985,50.8426,0.083593,Stage 1 (Basing),HOLD / WATCH,784398,674876,1.1623,False,-0.0915,5.0,31172566.0,2026-10-01
AOSL,AOSL,index,28.84,32.8577,28.304,0.08358,Stage 1 (Basing),HOLD / WATCH,464116,579866,0.8004,False,0.0189,5.0,16723345.0,2026-10-01
EZPW,EZPW,index,30.06,30.6281,30.8116,0.083024,Stage 1 (Basing),HOLD / WATCH,623888,939519,0.664,False,-0.0244,5.0,28241963.0,2026-10-01
ATEN,ATEN,index,27.6,27.9417,27.1507,0.08297,Stage 1 (Basing),HOLD / WATCH,1050719,1330332,0.7898,False,0.0165,5.0,36717174.0,2026-10-01
GATX,GATX,index,168.88,178.1667,178.3658,0.08234,Stage 1 (Basing),HOLD / WATCH,398427,230046,1.7319,False,-0.0532,5.0,38850261.0,2026-10-01
MTDR,MTDR,index,52.96,55.2878,54.3452,0.081966,Stage 1 (Basing),HOLD / WATCH,1591733,2074238,0.7674,False,-0.0255,5.0,109851678.0,2026-10-01
CINF,CINF,index,162.15,167.2856,170.7513,0.081496,Stage 1 (Basing),HOLD / WATCH,579326,629240,0.9207,False,-0.0504,5.0,102031346.0,2026-10-01
TFX,TFX,index,126.11,127.5805,133.1471,0.081234,Stage 1 (Basing),HOLD / WATCH,712264,698277,1.02,False,-0.0529,5.0,88059748.0,2026-10-01
AIN,AIN,index,59.05,62.1564,62.6293,0.081207,Stage 1 (Basing),HOLD / WATCH,173210,282680,0.6127,False,-0.0572,5.0,16692266.0,2026-10-01
BCPC,BCPC,index,163.69,168.5609,171.8248,0.081175,Stage 1 (Basing),HOLD / WATCH,173377,195471,0.887,False,-0.0473,5.0,31996737.0,2026-10-01
ULS,ULS,index,66.5,85.5957,74.9164,0.081075,Stage 1 (Basing),HOLD / WATCH,1403041,905470,1.5495,False,-0.1123,5.0,60213810.0,2026-10-01
WSO,WSO,index,301.15,366.1362,318.1652,0.080603,Stage 1 (Basing),HOLD / WATCH,354225,521446,0.6793,False,-0.0535,5.0,157033610.0,2026-10-01
SPXC,SPXC,index,169.71,209.7517,197.6092,0.079079,Stage 1 (Basing),HOLD / WATCH,1066561,517519,2.0609,False,-0.1412,5.0,87828190.0,2026-10-01
ASTH,ASTH,index,34.91,35.6537,37.1976,0.078134,Stage 1 (Basing),HOLD / WATCH,266694,453049,0.5887,False,-0.0615,5.0,15815971.0,2026-10-01
CASH,CASH,index,73.72,85.8061,81.9161,0.078004,Stage 1 (Basing),HOLD / WATCH,354923,218534,1.6241,False,-0.1001,5.0,16110361.0,2026-10-01
TEX,TEX,index,54.94,62.5753,62.7238,0.077701,Stage 1 (Basing),HOLD / WATCH,1922007,1211860,1.586,False,-0.1241,5.0,66579594.0,2026-10-01
ABCB,ABCB,index,80.24,84.1399,85.3954,0.076864,Stage 1 (Basing),HOLD / WATCH,515076,436757,1.1793,False,-0.0604,5.0,35045422.0,2026-10-01
WLK,WLK,index,62.47,88.4274,73.099,0.07424,Stage 1 (Basing),HOLD / WATCH,1988977,937013,2.1227,False,-0.1454,5.0,58535237.0,2026-10-01
ZION,ZION,index,62.65,63.8487,67.845,0.073979,Stage 1 (Basing),HOLD / WATCH,1891319,1434632,1.3183,False,-0.0766,5.0,89879721.0,2026-10-01
NYT,NYT,index,63.71,74.1702,67.808,0.073593,Stage 1 (Basing),HOLD / WATCH,1602548,2679198,0.5981,False,-0.0604,5.0,170691763.0,2026-10-01
DTE,DTE,index,123.27,141.0779,134.3251,0.073251,Stage 1 (Basing),HOLD / WATCH,2058044,1570238,1.3107,False,-0.0823,5.0,193563341.0,2026-10-01
WERN,WERN,index,34.3,36.9988,37.452,0.072634,Stage 1 (Basing),HOLD / WATCH,686652,1038659,0.6611,False,-0.0842,5.0,35626004.0,2026-10-01
AROC,AROC,index,30.42,35.1434,32.6306,0.072567,Stage 1 (Basing),HOLD / WATCH,1269167,1787463,0.71,False,-0.0677,5.0,54374635.0,2026-10-01
MO,MO,index,66.95,67.5133,67.7296,0.072359,Stage 1 (Basing),HOLD / WATCH,5774466,8844461,0.6529,False,-0.0115,5.0,592136658.0,2026-10-01
TCBI,TCBI,index,93.2,98.4963,97.7012,0.072109,Stage 1 (Basing),HOLD / WATCH,602116,484008,1.244,False,-0.0461,5.0,45109574.0,2026-10-01
ED,ED,index,103.5,108.0189,106.9134,0.071865,Stage 1 (Basing),HOLD / WATCH,3308204,2256296,1.4662,False,-0.0319,5.0,233526644.0,2026-10-01
SIGI,SIGI,index,84.9,87.3032,91.3019,0.07159,Stage 1 (Basing),HOLD / WATCH,557620,484362,1.1512,False,-0.0701,5.0,41122368.0,2026-10-01
OSK,OSK,index,130.82,144.716,148.1737,0.071381,Stage 1 (Basing),HOLD / WATCH,758825,717702,1.0573,False,-0.1171,5.0,93889846.0,2026-10-01
SWX,SWX,index,81.76,88.2613,88.2866,0.071024,Stage 1 (Basing),HOLD / WATCH,555969,585275,0.9499,False,-0.0739,5.0,47852116.0,2026-10-01
SON,SON,index,48.5,52.483,54.1499,0.070913,Stage 1 (Basing),HOLD / WATCH,1010420,1098648,0.9197,False,-0.1043,5.0,53284447.0,2026-10-01
INDB,INDB,index,78.93,79.5083,82.4051,0.070207,Stage 1 (Basing),HOLD / WATCH,359756,326231,1.1028,False,-0.0422,5.0,25749422.0,2026-10-01
GM,GM,index,79.31,79.9694,85.3575,0.069867,Stage 1 (Basing),HOLD / WATCH,8189241,6639498,1.2334,False,-0.0708,5.0,526578635.0,2026-10-01
PPG,PPG,index,104.67,110.5242,111.118,0.069688,Stage 1 (Basing),HOLD / WATCH,1695734,1722672,0.9844,False,-0.058,5.0,180312146.0,2026-10-01
OUT,OUT,index,28.05,29.8205,29.5606,0.069538,Stage 1 (Basing),HOLD / WATCH,1966216,1746742,1.1256,False,-0.0511,5.0,48996121.0,2026-10-01
FLS,FLS,index,73.06,75.3622,76.4051,0.068288,Stage 1 (Basing),HOLD / WATCH,1187202,1670266,0.7108,False,-0.0438,5.0,122029633.0,2026-10-01
CL,CL,index,84.53,88.6142,89.7526,0.068112,Stage 1 (Basing),HOLD / WATCH,4968570,4803127,1.0344,False,-0.0582,5.0,406008353.0,2026-10-01
WM,WM,index,201.9,223.5755,219.7931,0.067933,Stage 1 (Basing),HOLD / WATCH,2656748,2113782,1.2569,False,-0.0814,5.0,426772767.0,2026-10-01
NJR,NJR,index,51.15,54.6793,54.0314,0.067877,Stage 1 (Basing),HOLD / WATCH,831296,676491,1.2288,False,-0.0533,5.0,34602563.0,2026-10-01
CHD,CHD,index,94.11,96.7266,98.3829,0.067732,Stage 1 (Basing),HOLD / WATCH,2124687,1848447,1.1494,False,-0.0434,5.0,173957418.0,2026-10-01
LMAT,LMAT,index,80.19,96.9851,84.4279,0.067638,Stage 1 (Basing),HOLD / WATCH,294043,346318,0.8491,False,-0.0502,5.0,27771310.0,2026-10-01
IIPR,IIPR,index,51.0,53.5806,55.182,0.067569,Stage 1 (Basing),HOLD / WATCH,630955,361601,1.7449,False,-0.0758,5.0,18441656.0,2026-10-01
BC,BC,index,64.22,76.8381,75.1721,0.067196,Stage 1 (Basing),HOLD / WATCH,838509,756120,1.109,False,-0.1457,5.0,48558039.0,2026-10-01
HAL,HAL,index,31.88,36.2555,33.904,0.066751,Stage 1 (Basing),HOLD / WATCH,9731586,10888615,0.8937,False,-0.0597,5.0,347129060.0,2026-10-01
LUNR,"INTUITIVE MACHINES, INC.",guide,14.05,21.0836,15.255,0.066426,Stage 1 (Basing),HOLD / WATCH,8222319,8658690,0.9496,False,-0.079,5.0,121654601.0,2026-10-01
SNDR,SNDR,index,32.31,32.4504,34.4044,0.066333,Stage 1 (Basing),HOLD / WATCH,621324,695940,0.8928,False,-0.0609,5.0,22485838.0,2026-10-01
MLI,MLI,index,61.32,62.483,63.4485,0.06633,Stage 1 (Basing),HOLD / WATCH,1826228,1469560,1.2427,False,-0.0335,5.0,90113453.0,2026-10-01
EXR,EXR,index,133.08,140.1905,141.2741,0.066055,Stage 1 (Basing),HOLD / WATCH,1404870,1289331,1.0896,False,-0.058,5.0,171584225.0,2026-10-01
OC,OC,index,117.09,126.7691,138.147,0.06576,Stage 1 (Basing),HOLD / WATCH,1417419,970202,1.461,False,-0.1524,5.0,113600993.0,2026-10-01
ENPH,ENPH,index,32.82,41.9225,37.0666,0.064544,Stage 1 (Basing),HOLD / WATCH,5056969,4610417,1.0969,False,-0.1146,5.0,151313897.0,2026-10-01
BALL,BALL,index,56.5,60.2776,61.75,0.064069,Stage 1 (Basing),HOLD / WATCH,3375165,1931073,1.7478,False,-0.085,5.0,109105641.0,2026-10-01
DOW,DOW,index,27.59,32.9357,29.6892,0.063814,Stage 1 (Basing),HOLD / WATCH,9874124,9171804,1.0766,False,-0.0707,5.0,253050087.0,2026-10-01
WMT,WALMART INC.,index|guide,104.26,117.5457,108.822,0.063805,Stage 1 (Basing),HOLD / WATCH,19494514,24674520,0.7901,False,-0.0419,5.0,2572565537.0,2026-10-01
EVRG,EVRG,index,78.79,81.8297,81.5698,0.063423,Stage 1 (Basing),HOLD / WATCH,2544260,2124669,1.1975,False,-0.0341,5.0,167402688.0,2026-10-01
CHH,CHH,index,102.31,106.7644,104.78,0.062938,Stage 1 (Basing),HOLD / WATCH,466592,533351,0.8748,False,-0.0236,5.0,54567225.0,2026-10-01
CCK,CCK,index,106.19,107.21,115.3073,0.062824,Stage 1 (Basing),HOLD / WATCH,819263,930927,0.8801,False,-0.0791,5.0,98855168.0,2026-10-01
AFL,AFL,index,111.18,115.5605,118.8122,0.062791,Stage 1 (Basing),HOLD / WATCH,1464832,2086610,0.702,False,-0.0642,5.0,231989372.0,2026-10-01
LBRT,LBRT,index,18.47,25.6464,19.4644,0.062329,Stage 1 (Basing),HOLD / WATCH,3891546,4589570,0.8479,False,-0.0511,5.0,84769372.0,2026-10-01
REG,REG,index,71.8,76.6148,75.5918,0.06231,Stage 1 (Basing),HOLD / WATCH,1117669,1321187,0.846,False,-0.0502,5.0,94861258.0,2026-10-01
EMN,EMN,index,64.05,70.0102,69.3872,0.061958,Stage 1 (Basing),HOLD / WATCH,1845773,1100811,1.6767,False,-0.0769,5.0,70506977.0,2026-10-01
PLAB,PLAB,index,30.83,36.109,30.1606,0.061715,Stage 1 (Basing),HOLD / WATCH,1680529,1174474,1.4309,False,0.0222,5.0,36209051.0,2026-10-01
ACHC,ACHC,index,26.93,27.2503,29.2924,0.061565,Stage 1 (Basing),HOLD / WATCH,1168836,1903688,0.614,False,-0.0806,5.0,51266338.0,2026-10-01
AEE,AEE,index,99.64,108.2059,105.826,0.061464,Stage 1 (Basing),HOLD / WATCH,2296365,1613931,1.4228,False,-0.0585,5.0,160812114.0,2026-10-01
NWE,NWE,index,68.53,69.3157,69.8761,0.061267,Stage 1 (Basing),HOLD / WATCH,446458,415995,1.0732,False,-0.0193,5.0,28508148.0,2026-10-01
CE,CE,index,44.2,52.3659,45.2813,0.06091,Stage 1 (Basing),HOLD / WATCH,1390708,1860164,0.7476,False,-0.0239,5.0,82219257.0,2026-10-01
CRC,CRC,index,51.66,57.608,52.8726,0.060737,Stage 1 (Basing),HOLD / WATCH,785448,876424,0.8962,False,-0.0229,5.0,45276113.0,2026-10-01
DAN,DAN,index,27.63,31.4365,29.3248,0.060185,Stage 1 (Basing),HOLD / WATCH,1201241,1451070,0.8278,False,-0.0578,5.0,40093086.0,2026-10-01
BRC,BRC,index,84.14,86.7423,90.7604,0.060041,Stage 1 (Basing),HOLD / WATCH,212815,224518,0.9479,False,-0.0729,5.0,18890970.0,2026-10-01
FITB,FITB,index,50.41,51.4022,54.5414,0.05858,Stage 1 (Basing),HOLD / WATCH,9835210,5658142,1.7382,False,-0.0757,5.0,285226947.0,2026-10-01
MNST,MNST,index,42.14,43.2155,45.561,0.058483,Stage 1 (Basing),HOLD / WATCH,10072800,10394500,0.9691,False,-0.0751,5.0,438024224.0,2026-10-01
MGM,MGM,index,30.47,41.1836,41.275,0.058079,Stage 1 (Basing),HOLD / WATCH,5077579,3281975,1.5471,False,-0.2618,5.0,100001794.0,2026-10-01
RSI,RSI,index,19.95,25.8407,25.43,0.057963,Stage 1 (Basing),HOLD / WATCH,3054243,3051592,1.0009,False,-0.2155,5.0,60879280.0,2026-10-01
HASI,HASI,index,36.03,38.481,38.6986,0.05793,Stage 1 (Basing),HOLD / WATCH,1451761,1052159,1.3798,False,-0.069,5.0,37909295.0,2026-10-01
UTI,UTI,index,19.03,34.5358,25.7634,0.056644,Stage 1 (Basing),HOLD / WATCH,1581314,1786952,0.8849,False,-0.2614,5.0,34005703.0,2026-10-01
CARR,CARR,index,55.22,62.5398,59.7722,0.056048,Stage 1 (Basing),HOLD / WATCH,7339917,6755240,1.0866,False,-0.0762,5.0,373024380.0,2026-10-01
KMT,KMT,index,31.67,34.3801,31.1406,0.055937,Stage 1 (Basing),HOLD / WATCH,1747313,1511758,1.1558,False,0.017,5.0,47877384.0,2026-10-01
FR,FR,index,58.87,61.4113,62.2708,0.05548,Stage 1 (Basing),HOLD / WATCH,1221469,966253,1.2641,False,-0.0546,5.0,56883335.0,2026-10-01
FTV,FTV,index,55.84,58.9332,58.4282,0.055472,Stage 1 (Basing),HOLD / WATCH,2153775,2443293,0.8815,False,-0.0443,5.0,136433509.0,2026-10-01
JOE,JOE,index,65.16,65.2974,65.6885,0.054672,Stage 1 (Basing),HOLD / WATCH,233363,240129,0.9718,False,-0.008,5.0,15646823.0,2026-10-01
TRNO,TRNO,index,63.98,65.3969,67.2324,0.054668,Stage 1 (Basing),HOLD / WATCH,808151,708087,1.1413,False,-0.0484,5.0,45303407.0,2026-10-01
L,L,index,105.05,109.7862,110.9508,0.05434,Stage 1 (Basing),HOLD / WATCH,1871772,853015,2.1943,False,-0.0532,5.0,89609275.0,2026-10-01
ORA,ORA,index,89.66,112.456,101.4751,0.053434,Stage 1 (Basing),HOLD / WATCH,879101,890270,0.9875,False,-0.1164,5.0,79821613.0,2026-10-01
D,D,index,60.76,64.623,65.7253,0.052884,Stage 1 (Basing),HOLD / WATCH,5478377,4234751,1.2937,False,-0.0755,5.0,257303496.0,2026-10-01
COLM,COLM,index,57.69,59.6444,58.1862,0.052876,Stage 1 (Basing),HOLD / WATCH,1006109,709430,1.4182,False,-0.0085,5.0,40927026.0,2026-10-01
NEE,NEE,index,75.93,87.2036,82.9808,0.052766,Stage 1 (Basing),HOLD / WATCH,5602414,11203388,0.5001,False,-0.085,5.0,850673276.0,2026-10-01
BKH,BKH,index,70.14,72.1218,72.132,0.052169,Stage 1 (Basing),HOLD / WATCH,901674,882859,1.0213,False,-0.0276,5.0,61923763.0,2026-10-01
PRG,PRG,index,31.15,36.4155,39.0211,0.0518,Stage 1 (Basing),HOLD / WATCH,562050,595839,0.9433,False,-0.2017,5.0,18560385.0,2026-10-01
JLL,JLL,index,308.07,324.7585,352.6024,0.051561,Stage 1 (Basing),HOLD / WATCH,789780,357751,2.2076,False,-0.1263,5.0,110212538.0,2026-10-01
AX,AX,index,87.61,92.0715,95.779,0.051423,Stage 1 (Basing),HOLD / WATCH,675485,353119,1.9129,False,-0.0853,5.0,30936817.0,2026-10-01
LUV,LUV,index,41.84,42.444,42.1449,0.051335,Stage 1 (Basing),HOLD / WATCH,5114134,5394032,0.9481,False,-0.0072,5.0,225686328.0,2026-10-01
VNOM,VNOM,index,40.69,44.0322,43.0047,0.050924,Stage 1 (Basing),HOLD / WATCH,2113886,1716357,1.2316,False,-0.0538,5.0,69838593.0,2026-10-01
WPC,WPC,index,63.83,70.1448,69.3059,0.050845,Stage 1 (Basing),HOLD / WATCH,1707485,1393919,1.225,False,-0.079,5.0,88973897.0,2026-10-01
EXTR,EXTR,index,21.97,23.319,23.9444,0.050803,Stage 1 (Basing),HOLD / WATCH,1420844,1558872,0.9115,False,-0.0825,5.0,34248436.0,2026-10-01
FHI,FHI,index,56.16,57.7915,60.9428,0.050762,Stage 1 (Basing),HOLD / WATCH,622646,607770,1.0245,False,-0.0785,5.0,34132415.0,2026-10-01
EPR,EPR,index,55.49,56.6956,59.3645,0.050609,Stage 1 (Basing),HOLD / WATCH,783026,816550,0.9589,False,-0.0653,5.0,45310390.0,2026-10-01
INDV,INDV,index,35.38,36.087,36.9168,0.049602,Stage 1 (Basing),HOLD / WATCH,894923,2157880,0.4147,False,-0.0416,5.0,76345813.0,2026-10-01
TOL,TOL,index,136.36,143.2364,143.3968,0.049129,Stage 1 (Basing),HOLD / WATCH,1023158,971995,1.0526,False,-0.0491,5.0,132541261.0,2026-10-01
RCUS,RCUS,index,25.23,25.8066,27.8998,0.04901,Stage 1 (Basing),HOLD / WATCH,1312403,1410162,0.9307,False,-0.0957,5.0,35578388.0,2026-10-01
TJX,TJX,index,133.59,151.3974,141.2672,0.048398,Stage 1 (Basing),HOLD / WATCH,5686807,7603758,0.7479,False,-0.0543,5.0,1015786022.0,2026-10-01
NATL,NATL,index,45.03,45.1701,46.3416,0.047748,Stage 1 (Basing),HOLD / WATCH,750653,729793,1.0286,False,-0.0283,5.0,32862581.0,2026-10-01
FAF,FAF,index,61.51,67.5216,71.4475,0.047711,Stage 1 (Basing),HOLD / WATCH,1658319,827994,2.0028,False,-0.1391,5.0,50929933.0,2026-10-01
CUBI,CUBI,index,74.03,75.6884,79.042,0.047401,Stage 1 (Basing),HOLD / WATCH,583536,271178,2.1519,False,-0.0634,5.0,20075360.0,2026-10-01
SIRI,SIRI,index,25.64,26.8898,28.6107,0.047375,Stage 1 (Basing),HOLD / WATCH,3895036,4210094,0.9252,False,-0.1038,5.0,107946826.0,2026-10-01
ACT,ACT,index,44.15,44.3706,48.2881,0.047346,Stage 1 (Basing),HOLD / WATCH,604901,394682,1.5326,False,-0.0857,5.0,17425212.0,2026-10-01
LNT,LNT,index,63.71,70.8512,68.2522,0.046126,Stage 1 (Basing),HOLD / WATCH,3360043,2512470,1.3373,False,-0.0666,5.0,160069516.0,2026-10-01
VZ,VZ,index,45.98,46.8933,48.2758,0.045742,Stage 1 (Basing),HOLD / WATCH,21196358,21569023,0.9827,False,-0.0476,5.0,991743675.0,2026-10-01
PPLI,PPLI,index,40.95,41.3159,39.6599,0.044598,Stage 1 (Basing),HOLD / WATCH,1150610,1168584,0.9846,False,0.0325,5.0,47853524.0,2026-10-01
TNL,TNL,index,62.96,69.7816,69.5477,0.044133,Stage 1 (Basing),HOLD / WATCH,789771,721541,1.0946,False,-0.0947,5.0,45428247.0,2026-10-01
CENTA,CENTA,index,33.79,35.4624,36.77,0.043858,Stage 1 (Basing),HOLD / WATCH,301858,307021,0.9832,False,-0.081,5.0,10374245.0,2026-10-01
CBU,CBU,index,59.93,62.2913,63.103,0.043711,Stage 1 (Basing),HOLD / WATCH,232590,251577,0.9245,False,-0.0503,5.0,15077058.0,2026-10-01
CRI,CRI,index,31.71,36.0685,34.5391,0.043061,Stage 1 (Basing),HOLD / WATCH,1129556,1350443,0.8364,False,-0.0819,5.0,42822550.0,2026-10-01
ATO,ATO,index,156.38,174.4541,166.7021,0.04259,Stage 1 (Basing),HOLD / WATCH,1056184,1008783,1.047,False,-0.0619,5.0,157753597.0,2026-10-01
AHR,AHR,index,50.69,51.3612,54.2836,0.042477,Stage 1 (Basing),HOLD / WATCH,2765436,2983168,0.927,False,-0.0662,5.0,151216818.0,2026-10-01
CURB,CURB,index,27.95,28.5567,29.4351,0.042471,Stage 1 (Basing),HOLD / WATCH,1620703,1424070,1.1381,False,-0.0505,5.0,39802759.0,2026-10-01
GSK,GSK PLC,guide,47.18,51.7837,50.5462,0.042129,Stage 1 (Basing),HOLD / WATCH,7896067,3566023,2.2142,False,-0.0666,5.0,168244982.0,2026-10-01
GMED,GMED,index,74.41,82.8376,79.5458,0.041902,Stage 1 (Basing),HOLD / WATCH,1440803,1423884,1.0119,False,-0.0646,5.0,105951218.0,2026-10-01
MAS,MAS,index,68.28,70.0557,72.2195,0.041867,Stage 1 (Basing),HOLD / WATCH,1944274,2471973,0.7865,False,-0.0545,5.0,168786346.0,2026-10-01
PECO,PECO,index,37.49,39.4127,39.4179,0.04164,Stage 1 (Basing),HOLD / WATCH,1548176,953865,1.6231,False,-0.0489,5.0,35760420.0,2026-10-01
GTY,GTY,index,27.84,32.1228,31.717,0.041593,Stage 1 (Basing),HOLD / WATCH,638566,605893,1.0539,False,-0.1222,5.0,16868070.0,2026-10-01
SMG,SMG,index,50.02,61.2831,59.3338,0.041543,Stage 1 (Basing),HOLD / WATCH,1233540,1022200,1.2067,False,-0.157,5.0,51130484.0,2026-10-01
AGCO,AGCO,index,111.81,115.512,113.591,0.041286,Stage 1 (Basing),HOLD / WATCH,984008,1087616,0.9047,False,-0.0157,5.0,121606360.0,2026-10-01
TRN,TRN,index,25.8,32.0569,29.8036,0.041156,Stage 1 (Basing),HOLD / WATCH,894516,704410,1.2699,False,-0.1343,5.0,18173786.0,2026-10-01
CC,CC,index,13.48,19.171,15.3795,0.041148,Stage 1 (Basing),HOLD / WATCH,1984640,2272380,0.8734,False,-0.1235,5.0,30631692.0,2026-10-01
PNFP,PNFP,index,94.63,96.0419,100.9244,0.041071,Stage 1 (Basing),HOLD / WATCH,1698284,1084087,1.5666,False,-0.0624,5.0,102587214.0,2026-10-01
FELE,FELE,index,96.47,99.9506,101.6041,0.041059,Stage 1 (Basing),HOLD / WATCH,179448,279864,0.6412,False,-0.0505,5.0,26998573.0,2026-10-01
FLR,FLR,index,49.33,49.9044,52.6366,0.040849,Stage 1 (Basing),HOLD / WATCH,3490654,2608339,1.3383,False,-0.0628,5.0,128669372.0,2026-10-01
VTOL,VTOL,index,40.3,44.3779,44.2487,0.040411,Stage 1 (Basing),HOLD / WATCH,153854,258941,0.5942,False,-0.0892,5.0,10435325.0,2026-10-01
YETI,YETI,index,41.37,43.6573,44.7238,0.040178,Stage 1 (Basing),HOLD / WATCH,1287715,1745232,0.7378,False,-0.075,5.0,72200258.0,2026-10-01
CDP,CDP,index,33.27,33.5252,35.7834,0.039688,Stage 1 (Basing),HOLD / WATCH,1310696,860577,1.523,False,-0.0702,5.0,28631428.0,2026-10-01
ESOA,ENERGY SERVICES OF AMERICA CORPORATION,guide,10.96,14.637,12.5085,0.03949,Stage 1 (Basing),HOLD / WATCH,102435,153272,0.6683,False,-0.1238,5.0,1679869.0,2026-10-01
MHO,MHO,index,135.27,138.9121,146.3826,0.03922,Stage 1 (Basing),HOLD / WATCH,185858,208087,0.8932,False,-0.0759,5.0,28147951.0,2026-10-01
ASTE,ASTE,index,40.68,51.5697,44.2983,0.039087,Stage 1 (Basing),HOLD / WATCH,180732,249486,0.7244,False,-0.0817,5.0,10149117.0,2026-10-01
DUK,DUK,index,113.74,123.9437,120.8199,0.038544,Stage 1 (Basing),HOLD / WATCH,4693244,4209744,1.1149,False,-0.0586,5.0,478816374.0,2026-10-01
BKU,BKU,index,42.72,46.1095,45.715,0.03826,Stage 1 (Basing),HOLD / WATCH,799842,815232,0.9811,False,-0.0655,5.0,34826748.0,2026-10-01
BA,BA,index,192.28,216.9132,212.641,0.038009,Stage 1 (Basing),HOLD / WATCH,13445458,6685813,2.011,False,-0.0958,5.0,1285548146.0,2026-10-01
RNST,RNST,index,39.28,40.115,41.493,0.0376,Stage 1 (Basing),HOLD / WATCH,802568,632525,1.2688,False,-0.0533,5.0,24845595.0,2026-10-01
ASTS,"AST SPACEMOBILE, INC.",guide,57.04,77.537,62.7102,0.0376,Stage 1 (Basing),HOLD / WATCH,12283900,10710076,1.1469,False,-0.0904,5.0,610902745.0,2026-10-01
IBOC,IBOC,index,69.12,71.4335,71.9631,0.037294,Stage 1 (Basing),HOLD / WATCH,552493,335459,1.647,False,-0.0395,5.0,23186986.0,2026-10-01
CMC,CMC,index,62.72,67.905,68.165,0.037266,Stage 1 (Basing),HOLD / WATCH,983968,1085699,0.9063,False,-0.0799,5.0,68095065.0,2026-10-01
NNN,NNN,index,40.2,44.4088,44.9222,0.037216,Stage 1 (Basing),HOLD / WATCH,2740812,1624382,1.6873,False,-0.1051,5.0,65300167.0,2026-10-01
O,O,index,53.53,61.0878,60.3548,0.037157,Stage 1 (Basing),HOLD / WATCH,11236332,6670358,1.6845,False,-0.1131,5.0,357064290.0,2026-10-01
VMRK,VMRK,index,60.17,64.1682,65.0658,0.036882,Stage 1 (Basing),HOLD / WATCH,4519937,5401678,0.8368,False,-0.0752,5.0,325019000.0,2026-10-01
CPT,CPT,index,96.62,104.6577,105.038,0.036877,Stage 1 (Basing),HOLD / WATCH,1359198,1027771,1.3225,False,-0.0801,5.0,99303330.0,2026-10-01
OHI,OHI,index,45.23,46.3911,47.3536,0.036858,Stage 1 (Basing),HOLD / WATCH,1732167,1913827,0.9051,False,-0.0448,5.0,86562410.0,2026-10-01
CALY,CALY,index,14.32,15.8151,16.1466,0.036735,Stage 1 (Basing),HOLD / WATCH,1635747,1957602,0.8356,False,-0.1131,5.0,28032874.0,2026-10-01
IVT,IVT,index,30.37,32.3917,32.4824,0.036725,Stage 1 (Basing),HOLD / WATCH,904278,642289,1.4079,False,-0.065,5.0,19506334.0,2026-10-01
NWN,NWN,index,46.66,50.1966,49.2982,0.03661,Stage 1 (Basing),HOLD / WATCH,264496,244513,1.0817,False,-0.0535,5.0,11409019.0,2026-10-01
SKT,SKT,index,34.45,37.1162,37.8675,0.036127,Stage 1 (Basing),HOLD / WATCH,885597,901489,0.9824,False,-0.0902,5.0,31056329.0,2026-10-01
YUM,YUM,index,136.69,152.1376,146.3913,0.03571,Stage 1 (Basing),HOLD / WATCH,1684883,2351833,0.7164,False,-0.0663,5.0,321472149.0,2026-10-01
WAFD,WAFD,index,29.98,34.5345,35.0133,0.0354,Stage 1 (Basing),HOLD / WATCH,1244096,879595,1.4144,False,-0.1438,5.0,26370285.0,2026-10-01
AUB,AUB,index,38.47,38.6105,40.6877,0.035328,Stage 1 (Basing),HOLD / WATCH,1344427,1070372,1.256,False,-0.0545,5.0,41177233.0,2026-10-01
KMI,KMI,index,30.53,31.8847,31.466,0.035179,Stage 1 (Basing),HOLD / WATCH,11131407,11723928,0.9495,False,-0.0297,5.0,357931534.0,2026-10-01
PVH,PVH,index,75.85,79.097,78.1147,0.034445,Stage 1 (Basing),HOLD / WATCH,740459,956361,0.7742,False,-0.029,5.0,72539994.0,2026-10-01
KRG,KRG,index,24.44,26.4493,26.387,0.034438,Stage 1 (Basing),HOLD / WATCH,1957683,2344331,0.8351,False,-0.0738,5.0,57295467.0,2026-10-01
KTB,KTB,index,63.52,73.7378,74.9391,0.034366,Stage 1 (Basing),HOLD / WATCH,569548,725492,0.785,False,-0.1524,5.0,46083313.0,2026-10-01
UTL,UTL,index,50.6,52.0575,53.1184,0.033993,Stage 1 (Basing),HOLD / WATCH,120606,123554,0.9761,False,-0.0474,5.0,6251838.0,2026-10-01
EW,EW,index,85.19,85.8713,88.4542,0.033447,Stage 1 (Basing),HOLD / WATCH,3084423,3625048,0.8509,False,-0.0369,5.0,308817887.0,2026-10-01
NOV,NOV,index,18.91,19.6983,20.3247,0.033188,Stage 1 (Basing),HOLD / WATCH,3686340,3393614,1.0863,False,-0.0696,5.0,64173255.0,2026-10-01
BBT,BBT,index,28.1,29.7976,30.6603,0.033165,Stage 1 (Basing),HOLD / WATCH,1016163,951525,1.0679,False,-0.0835,5.0,26737860.0,2026-10-01
NBHC,NBHC,index,39.17,41.4598,41.5958,0.032995,Stage 1 (Basing),HOLD / WATCH,387555,402931,0.9618,False,-0.0583,5.0,15782810.0,2026-10-01
HTLD,HTLD,index,11.64,12.7451,12.3387,0.032722,Stage 1 (Basing),HOLD / WATCH,653061,763871,0.8549,False,-0.0566,5.0,8891461.0,2026-10-01
DLX,DLX,index,22.94,25.187,24.2439,0.032636,Stage 1 (Basing),HOLD / WATCH,351229,440662,0.797,False,-0.0538,5.0,10108800.0,2026-10-01
BAC,BAC,index,53.73,55.3495,60.8235,0.03252,Stage 1 (Basing),HOLD / WATCH,59822831,32834478,1.822,False,-0.1166,5.0,1764196521.0,2026-10-01
MRTN,MRTN,index,13.08,14.9439,14.3078,0.032436,Stage 1 (Basing),HOLD / WATCH,707959,696811,1.016,False,-0.0858,5.0,9114290.0,2026-10-01
ACGL,ACGL,index,94.26,96.4942,98.335,0.03187,Stage 1 (Basing),HOLD / WATCH,3801662,2971673,1.2793,False,-0.0414,5.0,280109926.0,2026-10-01
TSN,TSN,index,50.47,58.8902,55.0777,0.031649,Stage 1 (Basing),HOLD / WATCH,3251451,3428717,0.9483,False,-0.0837,5.0,173047352.0,2026-10-01
CTRE,CTRE,index,35.91,38.8134,39.0304,0.031644,Stage 1 (Basing),HOLD / WATCH,2060359,2169221,0.9498,False,-0.0799,5.0,77896732.0,2026-10-01
ADC,ADC,index,65.03,74.488,72.5799,0.031448,Stage 1 (Basing),HOLD / WATCH,2385669,1548183,1.5409,False,-0.104,5.0,100678363.0,2026-10-01
KNF,KNF,index,50.62,76.2057,63.5564,0.03144,Stage 1 (Basing),HOLD / WATCH,1426519,958948,1.4876,False,-0.2035,5.0,48541966.0,2026-10-01
POR,POR,index,44.76,49.6287,48.3099,0.031048,Stage 1 (Basing),HOLD / WATCH,1535026,1265470,1.213,False,-0.0735,5.0,56642458.0,2026-10-01
HMN,HMN,index,44.94,47.2088,49.9277,0.030787,Stage 1 (Basing),HOLD / WATCH,358323,288362,1.2426,False,-0.0999,5.0,12959009.0,2026-10-01
BRX,BRX,index,27.57,29.9174,29.4852,0.030742,Stage 1 (Basing),HOLD / WATCH,3748794,2814205,1.3321,False,-0.065,5.0,77587655.0,2026-10-01
NVST,NVST,index,23.16,25.9291,26.4266,0.030613,Stage 1 (Basing),HOLD / WATCH,2361996,2912275,0.811,False,-0.1236,5.0,67448310.0,2026-10-01
HIG,HIG,index,125.74,134.7587,136.2892,0.030469,Stage 1 (Basing),HOLD / WATCH,2696499,1627473,1.6569,False,-0.0774,5.0,204638575.0,2026-10-01
CI,CI,index,267.96,278.0671,278.2878,0.030098,Stage 1 (Basing),HOLD / WATCH,1970353,1681475,1.1718,False,-0.0371,5.0,450568043.0,2026-10-01
APG,APG,index,40.01,41.8407,39.9188,0.029982,Stage 1 (Basing),HOLD / WATCH,3533688,3181157,1.1108,False,0.0023,5.0,127278117.0,2026-10-01
AESI,AESI,index,11.69,14.2243,12.3298,0.029921,Stage 1 (Basing),HOLD / WATCH,2854717,3686564,0.7744,False,-0.0519,5.0,43095936.0,2026-10-01
TNC,TNC,index,66.7,76.4565,72.1473,0.029852,Stage 1 (Basing),HOLD / WATCH,193347,216006,0.8951,False,-0.0755,5.0,14407662.0,2026-10-01
LHX,LHX,index,238.4,302.2317,265.5778,0.029604,Stage 1 (Basing),HOLD / WATCH,1180099,1680461,0.7022,False,-0.1023,5.0,400622126.0,2026-10-01
MGY,MGY,index,24.07,27.4192,25.8507,0.029516,Stage 1 (Basing),HOLD / WATCH,6134450,4330881,1.4164,False,-0.0689,5.0,104244304.0,2026-10-01
TXT,TXT,index,77.17,88.5798,83.4595,0.029271,Stage 1 (Basing),HOLD / WATCH,1322491,1787219,0.74,False,-0.0754,5.0,137919750.0,2026-10-01
PFGC,PFGC,index,91.84,97.9721,102.1294,0.029263,Stage 1 (Basing),HOLD / WATCH,1100938,1589250,0.6927,False,-0.1007,5.0,145956784.0,2026-10-01
GIII,GIII,index,27.57,31.1889,31.5671,0.029178,Stage 1 (Basing),HOLD / WATCH,673123,641378,1.0495,False,-0.1266,5.0,17682804.0,2026-10-01
WEC,WEC,index,101.73,110.8574,106.5835,0.028898,Stage 1 (Basing),HOLD / WATCH,2920049,2559618,1.1408,False,-0.0455,5.0,260390047.0,2026-10-01
TFC,TFC,index,46.28,48.8255,50.3188,0.028792,Stage 1 (Basing),HOLD / WATCH,8637243,6851166,1.2607,False,-0.0803,5.0,317071994.0,2026-10-01
OSW,OSW,index,22.73,24.3002,24.52,0.028318,Stage 1 (Basing),HOLD / WATCH,873098,965533,0.9043,False,-0.073,5.0,21946586.0,2026-10-01
HCSG,HCSG,index,20.58,21.5854,22.0448,0.028258,Stage 1 (Basing),HOLD / WATCH,1194978,715449,1.6702,False,-0.0664,5.0,14723952.0,2026-10-01
AAP,AAP,index,38.74,52.7423,48.0602,0.028257,Stage 1 (Basing),HOLD / WATCH,2067713,1970912,1.0491,False,-0.1939,5.0,76353144.0,2026-10-01
UNIT,UNIT,index,7.94,10.2573,9.7416,0.028228,Stage 1 (Basing),HOLD / WATCH,5631287,2235153,2.5194,False,-0.1849,5.0,17747121.0,2026-10-01
OGE,OGE,index,45.67,47.2156,46.5632,0.028206,Stage 1 (Basing),HOLD / WATCH,2089061,1553919,1.3444,False,-0.0192,5.0,70967488.0,2026-10-01
AM,AM,index,20.26,21.8126,21.8307,0.028175,Stage 1 (Basing),HOLD / WATCH,2395795,2453055,0.9767,False,-0.0719,5.0,49698913.0,2026-10-01
PB,PB,index,66.8,69.3499,71.4908,0.028036,Stage 1 (Basing),HOLD / WATCH,1346002,1017692,1.3226,False,-0.0656,5.0,67981831.0,2026-10-01
AAT,AAT,index,21.39,21.5628,22.2992,0.027988,Stage 1 (Basing),HOLD / WATCH,476790,463409,1.0289,False,-0.0408,5.0,9912335.0,2026-10-01
SO,SO,index,83.47,92.2577,89.325,0.027734,Stage 1 (Basing),HOLD / WATCH,6564029,5953518,1.1025,False,-0.0655,5.0,496940203.0,2026-10-01
RDW,REDWIRE CORPORATION,guide,10.57,11.539,11.0616,0.027706,Stage 1 (Basing),HOLD / WATCH,12485246,14574564,0.8566,False,-0.0444,5.0,154053147.0,2026-10-01
VSNT,VSNT,index,30.84,37.8543,37.0915,0.027275,Stage 1 (Basing),HOLD / WATCH,2442669,1710639,1.4279,False,-0.1685,5.0,52756119.0,2026-10-01
HGV,HGV,index,34.83,45.5003,42.353,0.026771,Stage 1 (Basing),HOLD / WATCH,1447626,1127742,1.2836,False,-0.1776,5.0,39279274.0,2026-10-01
HUBG,HUBG,index,30.15,40.6332,38.8617,0.026602,Stage 1 (Basing),HOLD / WATCH,961880,1280141,0.7514,False,-0.2242,5.0,38596269.0,2026-10-01
GBCI,GBCI,index,43.41,47.3892,47.1058,0.026382,Stage 1 (Basing),HOLD / WATCH,1021399,1051115,0.9717,False,-0.0785,5.0,45628945.0,2026-10-01
COLB,COLB,index,28.73,29.4205,30.3707,0.025993,Stage 1 (Basing),HOLD / WATCH,3280768,2958203,1.109,False,-0.054,5.0,84989181.0,2026-10-01
KIM,KIM,index,22.21,23.5856,23.7441,0.025937,Stage 1 (Basing),HOLD / WATCH,5210421,5005184,1.041,False,-0.0646,5.0,111165141.0,2026-10-01
PFS,PFS,index,22.35,22.4863,23.614,0.0259,Stage 1 (Basing),HOLD / WATCH,1298147,896250,1.4484,False,-0.0535,5.0,20031209.0,2026-10-01
CNP,CNP,index,37.21,41.6543,39.7126,0.025691,Stage 1 (Basing),HOLD / WATCH,8349690,6328299,1.3194,False,-0.063,5.0,235476030.0,2026-10-01
CWEN,CWEN,index,29.14,35.1896,31.4693,0.025442,Stage 1 (Basing),HOLD / WATCH,1066958,1198013,0.8906,False,-0.074,5.0,34910103.0,2026-10-01
MDLZ,MDLZ,index,57.76,59.4882,61.4375,0.025255,Stage 1 (Basing),HOLD / WATCH,7467663,8261305,0.9039,False,-0.0599,5.0,477172978.0,2026-10-01
NI,NI,index,39.5,44.9931,41.7938,0.025101,Stage 1 (Basing),HOLD / WATCH,5602541,5707118,0.9817,False,-0.0549,5.0,225431193.0,2026-10-01
WSC,WSC,index,17.22,22.5539,21.341,0.024997,Stage 1 (Basing),HOLD / WATCH,2519391,2922015,0.8622,False,-0.1931,5.0,50317110.0,2026-10-01
CNR,CNR,index,87.6,90.6472,92.0062,0.024206,Stage 1 (Basing),HOLD / WATCH,554438,538562,1.0295,False,-0.0479,5.0,47178097.0,2026-10-01
SFBS,SFBS,index,39.75,40.6225,43.1387,0.024157,Stage 1 (Basing),HOLD / WATCH,625537,562560,1.1119,False,-0.0786,5.0,22361789.0,2026-10-01
OMC,OMC,index,74.7,77.4414,81.2303,0.023654,Stage 1 (Basing),HOLD / WATCH,3021677,2972155,1.0167,False,-0.0804,5.0,222020010.0,2026-10-01
RF,RF,index,26.96,28.3626,29.8615,0.023636,Stage 1 (Basing),HOLD / WATCH,11615077,8217983,1.4134,False,-0.0972,5.0,221556829.0,2026-10-01
XPEL,XPEL,index,44.56,45.3122,47.2734,0.022834,Stage 1 (Basing),HOLD / WATCH,148203,214602,0.6906,False,-0.0574,5.0,9562668.0,2026-10-01
KEY,KEY,index,20.05,21.3845,21.7501,0.022622,Stage 1 (Basing),HOLD / WATCH,14510440,11809924,1.2287,False,-0.0782,5.0,236788983.0,2026-10-01
RRC,RRC,index,37.6,40.3333,39.8647,0.022561,Stage 1 (Basing),HOLD / WATCH,1928580,2587931,0.7452,False,-0.0568,5.0,97306224.0,2026-10-01
FLY,FIREFLY AEROSPACE INC.,guide,22.85,28.8504,22.6472,0.022446,Stage 1 (Basing),HOLD / WATCH,3898571,3042713,1.2813,False,0.009,5.0,69526003.0,2026-10-01
ES,ES,index,64.31,69.3108,69.4864,0.022429,Stage 1 (Basing),HOLD / WATCH,2296271,2341711,0.9806,False,-0.0745,5.0,150595456.0,2026-10-01
PTCT,PTCT,index,64.13,71.4652,69.8433,0.021763,Stage 1 (Basing),HOLD / WATCH,1197748,1146310,1.0449,False,-0.0818,5.0,73512919.0,2026-10-01
BNL,BNL,index,18.25,19.8201,20.3226,0.021538,Stage 1 (Basing),HOLD / WATCH,2111496,2102807,1.0041,False,-0.102,5.0,38376245.0,2026-10-01
CUBE,CUBE,index,37.53,39.4795,40.2564,0.021347,Stage 1 (Basing),HOLD / WATCH,2931634,2429920,1.2065,False,-0.0677,5.0,91194920.0,2026-10-01
ELS,ELS,index,57.62,62.8086,62.5903,0.021246,Stage 1 (Basing),HOLD / WATCH,1330321,1553370,0.8564,False,-0.0794,5.0,89505202.0,2026-10-01
SBAC,SBAC,index,158.02,190.2419,179.787,0.020384,Stage 1 (Basing),HOLD / WATCH,656778,993411,0.6611,False,-0.1211,5.0,156978899.0,2026-10-01
SYY,SYY,index,77.77,79.2587,81.8898,0.020342,Stage 1 (Basing),HOLD / WATCH,4104689,3813177,1.0764,False,-0.0503,5.0,296550823.0,2026-10-01
BMRN,BMRN,index,58.44,58.7353,64.0186,0.02026,Stage 1 (Basing),HOLD / WATCH,2081467,2095431,0.9933,False,-0.0871,5.0,122457005.0,2026-10-01
UE,UE,index,19.56,21.3552,21.1238,0.019934,Stage 1 (Basing),HOLD / WATCH,831025,812936,1.0223,False,-0.074,5.0,15901038.0,2026-10-01
BHF,BHF,index,50.05,59.8289,55.2366,0.019929,Stage 1 (Basing),HOLD / WATCH,818352,1014041,0.807,False,-0.0939,5.0,50752753.0,2026-10-01
VLY,VLY,index,12.67,13.4537,13.906,0.019669,Stage 1 (Basing),HOLD / WATCH,11678818,6963730,1.6771,False,-0.0889,5.0,88230464.0,2026-10-01
DEA,DEA,index,23.23,23.2355,24.148,0.019608,Stage 1 (Basing),HOLD / WATCH,1281582,407837,3.1424,False,-0.038,5.0,9474068.0,2026-10-01
XEL,XEL,index,70.55,77.7464,75.5343,0.019514,Stage 1 (Basing),HOLD / WATCH,4022610,5362056,0.7502,False,-0.066,5.0,378293081.0,2026-10-01
PENN,PENN,index,14.52,17.722,17.991,0.019205,Stage 1 (Basing),HOLD / WATCH,4586062,2840279,1.6147,False,-0.1929,5.0,41240856.0,2026-10-01
GBX,GBX,index,40.09,48.0971,45.2814,0.019058,Stage 1 (Basing),HOLD / WATCH,425255,381361,1.1151,False,-0.1146,5.0,15288767.0,2026-10-01
OZK,OZK,index,46.34,48.2571,49.5316,0.019004,Stage 1 (Basing),HOLD / WATCH,1225588,1069495,1.1459,False,-0.0644,5.0,49560434.0,2026-10-01
WH,WH,index,71.49,77.585,72.2037,0.01881,Stage 1 (Basing),HOLD / WATCH,976265,1268161,0.7698,False,-0.0099,5.0,90660849.0,2026-10-01
FHB,FHB,index,24.9,26.4534,26.3635,0.018694,Stage 1 (Basing),HOLD / WATCH,2174244,2026620,1.0728,False,-0.0555,5.0,50462859.0,2026-10-01
NTST,NTST,index,17.39,19.9865,19.9297,0.018629,Stage 1 (Basing),HOLD / WATCH,1733151,1646701,1.0525,False,-0.1274,5.0,28636130.0,2026-10-01
PII,PII,index,52.37,62.0627,62.7243,0.018613,Stage 1 (Basing),HOLD / WATCH,929830,845006,1.1004,False,-0.1651,5.0,44252995.0,2026-10-01
AR,AR,index,34.03,37.1257,36.6218,0.018565,Stage 1 (Basing),HOLD / WATCH,2379439,4044316,0.5883,False,-0.0708,5.0,137628095.0,2026-10-01
SRE,SRE,index,78.05,89.2503,83.7046,0.018402,Stage 1 (Basing),HOLD / WATCH,3102109,3885958,0.7983,False,-0.0676,5.0,303299048.0,2026-10-01
HLIT,HLIT,index,10.72,11.9746,11.7054,0.018385,Stage 1 (Basing),HOLD / WATCH,1920164,1537823,1.2486,False,-0.0842,5.0,16485466.0,2026-10-01
OGS,OGS,index,71.71,80.7093,77.8567,0.018367,Stage 1 (Basing),HOLD / WATCH,527404,530192,0.9947,False,-0.0789,5.0,38020074.0,2026-10-01
FE,FE,index,43.39,47.1722,46.3699,0.018353,Stage 1 (Basing),HOLD / WATCH,7348889,4311587,1.7045,False,-0.0643,5.0,187079791.0,2026-10-01
LGIH,LGIH,index,47.71,50.3289,54.8662,0.018082,Stage 1 (Basing),HOLD / WATCH,254063,308583,0.8233,False,-0.1304,5.0,14722507.0,2026-10-01
CME,CME,index,265.1,273.8626,269.5029,0.018026,Stage 1 (Basing),HOLD / WATCH,2212300,1920124,1.1522,False,-0.0163,5.0,509024884.0,2026-10-01
HR,HR,index,17.43,19.0536,19.2647,0.017915,Stage 1 (Basing),HOLD / WATCH,4627956,3742707,1.2365,False,-0.0952,5.0,65235386.0,2026-10-01
GRBK,GRBK,index,66.44,69.4482,70.2404,0.01782,Stage 1 (Basing),HOLD / WATCH,293499,320641,0.9153,False,-0.0541,5.0,21303454.0,2026-10-01
ALLY,ALLY,index,37.65,42.1321,42.1392,0.017736,Stage 1 (Basing),HOLD / WATCH,5145372,3260901,1.5779,False,-0.1065,5.0,122772944.0,2026-10-01
AVA,AVA,index,35.07,39.3029,37.7346,0.017521,Stage 1 (Basing),HOLD / WATCH,610356,691481,0.8827,False,-0.0706,5.0,24250243.0,2026-10-01
CWT,CWT,index,45.05,46.6041,49.1138,0.017347,Stage 1 (Basing),HOLD / WATCH,436828,490144,0.8912,False,-0.0827,5.0,22081012.0,2026-10-01
ATMU,ATMU,index,44.59,52.6681,48.4451,0.01706,Stage 1 (Basing),HOLD / WATCH,782358,704495,1.1105,False,-0.0796,5.0,31413439.0,2026-10-01
UDR,UDR,index,33.68,36.552,36.472,0.016187,Stage 1 (Basing),HOLD / WATCH,3959091,3645827,1.0859,False,-0.0766,5.0,122791482.0,2026-10-01
INVA,INVA,index,20.55,22.0905,21.0234,0.016078,Stage 1 (Basing),HOLD / WATCH,927048,812792,1.1406,False,-0.0225,5.0,16702895.0,2026-10-01
FHN,FHN,index,23.05,24.114,24.6202,0.016063,Stage 1 (Basing),HOLD / WATCH,6858635,4866998,1.4092,False,-0.0638,5.0,112184316.0,2026-10-01
CMS,CMS,index,63.64,72.5206,68.5041,0.01553,Stage 1 (Basing),HOLD / WATCH,5722002,3713806,1.5407,False,-0.071,5.0,236346614.0,2026-10-01
OMCL,OMCL,index,33.44,38.5298,35.3658,0.0152,Stage 1 (Basing),HOLD / WATCH,449355,691303,0.65,False,-0.0545,5.0,23117175.0,2026-10-01
SHEN,SHEN,index,11.15,14.0881,12.2362,0.014866,Stage 1 (Basing),HOLD / WATCH,746266,748245,0.9974,False,-0.0888,5.0,8342935.0,2026-10-01
AMR,AMR,index,170.29,183.6765,181.5558,0.014698,Stage 1 (Basing),HOLD / WATCH,301847,345330,0.8741,False,-0.0621,5.0,58806403.0,2026-10-01
NMIH,NMIH,index,38.08,40.3451,43.7479,0.01442,Stage 1 (Basing),HOLD / WATCH,1633545,562800,2.9025,False,-0.1296,5.0,21431459.0,2026-10-01
ELAN,ELAN,index,21.77,23.7276,23.809,0.014271,Stage 1 (Basing),HOLD / WATCH,5873488,6639417,0.8846,False,-0.0856,5.0,144540128.0,2026-10-01
RDN,RDN,index,31.22,35.365,36.1628,0.014251,Stage 1 (Basing),HOLD / WATCH,2783391,1213219,2.2942,False,-0.1367,5.0,37876722.0,2026-10-01
ADAM,ADAM,index,7.78,8.3113,9.0023,0.014203,Stage 1 (Basing),HOLD / WATCH,1126824,1018244,1.1066,False,-0.1358,5.0,7921942.0,2026-10-01
MDU,MDU,index,18.47,20.6184,19.6369,0.013905,Stage 1 (Basing),HOLD / WATCH,2003101,1730854,1.1573,False,-0.0594,5.0,31968873.0,2026-10-01
ZWS,ZWS,index,47.2,48.1537,48.4721,0.01389,Stage 1 (Basing),HOLD / WATCH,746123,889250,0.839,False,-0.0262,5.0,41972622.0,2026-10-01
VVV,VVV,index,30.78,34.5325,32.819,0.01363,Stage 1 (Basing),HOLD / WATCH,3569402,2450284,1.4567,False,-0.0621,5.0,75419744.0,2026-10-01
TR,TR,index,37.84,40.0463,39.2688,0.013584,Stage 1 (Basing),HOLD / WATCH,176600,160250,1.102,False,-0.0364,5.0,6063860.0,2026-10-01
SBRA,SBRA,index,19.2,19.8484,20.4967,0.01353,Stage 1 (Basing),HOLD / WATCH,2803168,2416599,1.16,False,-0.0633,5.0,46398710.0,2026-10-01
BWXT,BWXT,index,136.79,187.4622,157.2429,0.013416,Stage 1 (Basing),HOLD / WATCH,1330522,1070408,1.243,False,-0.1301,5.0,146421163.0,2026-10-01
LZB,LZB,index,29.44,35.3053,34.7147,0.013377,Stage 1 (Basing),HOLD / WATCH,775744,701490,1.1059,False,-0.1519,5.0,20651892.0,2026-10-01
MSEX,MSEX,index,52.43,53.9531,56.7635,0.013281,Stage 1 (Basing),HOLD / WATCH,111504,128126,0.8703,False,-0.0763,5.0,6717650.0,2026-10-01
FLG,FLG,index,11.69,13.7464,13.3868,0.01311,Stage 1 (Basing),HOLD / WATCH,6535388,4690975,1.3932,False,-0.1268,5.0,54837505.0,2026-10-01
FNB,FNB,index,17.24,17.7629,18.3893,0.013105,Stage 1 (Basing),HOLD / WATCH,6370698,4145675,1.5367,False,-0.0625,5.0,71471453.0,2026-10-01
DECK,DECK,index,79.57,99.2653,88.1326,0.012949,Stage 1 (Basing),HOLD / WATCH,2981954,2971389,1.0036,False,-0.0972,5.0,236433428.0,2026-10-01
GLPI,GLPI,index,37.59,43.7797,41.5302,0.012942,Stage 1 (Basing),HOLD / WATCH,3486931,3426716,1.0176,False,-0.0949,5.0,128810278.0,2026-10-01
NLY,NLY,index,18.7,20.9101,21.4979,0.012803,Stage 1 (Basing),HOLD / WATCH,22494092,8917547,2.5225,False,-0.1301,5.0,166758151.0,2026-10-01
PRDO,PRDO,index,31.82,33.5171,32.3037,0.012215,Stage 1 (Basing),HOLD / WATCH,597480,682699,0.8752,False,-0.015,5.0,21723501.0,2026-10-01
DG,DG,index,118.93,120.4948,124.2078,0.012014,Stage 1 (Basing),HOLD / WATCH,1831127,2374914,0.771,False,-0.0425,5.0,282448587.0,2026-10-01
KVUE,KVUE,index,17.22,17.7397,18.4322,0.01192,Stage 1 (Basing),HOLD / WATCH,20419541,23225674,0.8792,False,-0.0658,5.0,399946104.0,2026-10-01
AKR,AKR,index,18.68,20.6013,20.3659,0.011735,Stage 1 (Basing),HOLD / WATCH,1319765,1378535,0.9574,False,-0.0828,5.0,25751040.0,2026-10-01
ARR,ARR,index,13.81,15.8549,15.5745,0.01134,Stage 1 (Basing),HOLD / WATCH,5025966,3793935,1.3247,False,-0.1133,5.0,52394248.0,2026-10-01
FCPT,FCPT,index,21.42,24.2273,24.1912,0.011294,Stage 1 (Basing),HOLD / WATCH,1275098,936929,1.3609,False,-0.1146,5.0,20069040.0,2026-10-01
FSS,FSS,index,112.17,115.8655,119.2902,0.01098,Stage 1 (Basing),HOLD / WATCH,531322,410046,1.2958,False,-0.0597,5.0,45994908.0,2026-10-01
INVH,INVH,index,26.4,27.7046,28.5488,0.010971,Stage 1 (Basing),HOLD / WATCH,4568071,4561027,1.0015,False,-0.0753,5.0,120411122.0,2026-10-01
EXC,EXC,index,40.47,45.3633,43.7496,0.010562,Stage 1 (Basing),HOLD / WATCH,12543360,7703367,1.6283,False,-0.075,5.0,311755280.0,2026-10-01
BYD,BYD,index,66.07,82.5723,79.0837,0.010339,Stage 1 (Basing),HOLD / WATCH,1279437,980886,1.3044,False,-0.1646,5.0,64807187.0,2026-10-01
BANC,BANC,index,17.49,18.7132,18.7476,0.010314,Stage 1 (Basing),HOLD / WATCH,3382669,2936661,1.1519,False,-0.0671,5.0,51362207.0,2026-10-01
STAG,STAG,index,35.72,37.4062,37.0793,0.010241,Stage 1 (Basing),HOLD / WATCH,1486643,1665048,0.8929,False,-0.0367,5.0,59475547.0,2026-10-01
STAA,STAA,index,22.38,24.7142,23.0686,0.010216,Stage 1 (Basing),HOLD / WATCH,774985,1010379,0.767,False,-0.0299,5.0,22612297.0,2026-10-01
LKFN,LKFN,index,58.095,59.5421,60.6447,0.010206,Stage 1 (Basing),HOLD / WATCH,263152,170851,1.5402,False,-0.042,5.0,9925591.0,2026-10-01
MATW,MATW,index,18.58,24.8831,22.394,0.00989,Stage 1 (Basing),HOLD / WATCH,843595,869759,0.9699,False,-0.1703,5.0,16160139.0,2026-10-01
SR,SR,index,76.44,83.313,80.4548,0.009829,Stage 1 (Basing),HOLD / WATCH,401228,505452,0.7938,False,-0.0499,5.0,38636795.0,2026-10-01
FFIN,FFIN,index,31.75,32.3359,33.5693,0.009666,Stage 1 (Basing),HOLD / WATCH,1062805,727248,1.4614,False,-0.0542,5.0,23090127.0,2026-10-01
EVR,EVR,index,259.0,315.7828,291.6319,0.009223,Stage 1 (Basing),HOLD / WATCH,336040,526798,0.6379,False,-0.1119,5.0,136440889.0,2026-10-01
ESNT,ESNT,index,58.86,62.4312,66.9416,0.009219,Stage 1 (Basing),HOLD / WATCH,1249791,684319,1.8263,False,-0.1207,5.0,40279065.0,2026-10-01
F,F,index,12.27,13.2665,13.7882,0.008783,Stage 1 (Basing),HOLD / WATCH,41615348,48268878,0.8622,False,-0.1101,5.0,592259167.0,2026-10-01
GNL,GNL,index,8.24,9.0213,8.8994,0.008743,Stage 1 (Basing),HOLD / WATCH,3181804,2488042,1.2788,False,-0.0741,5.0,20501466.0,2026-10-01
RES,RES,index,5.72,6.4386,6.0414,0.008681,Stage 1 (Basing),HOLD / WATCH,2157873,1678333,1.2857,False,-0.0532,5.0,9600067.0,2026-10-01
RRR,RRR,index,48.93,57.8584,57.9081,0.008236,Stage 1 (Basing),HOLD / WATCH,1561373,944367,1.6534,False,-0.155,5.0,46207900.0,2026-10-01
OLN,OLN,index,15.96,22.6455,18.0606,0.007908,Stage 1 (Basing),HOLD / WATCH,4612926,2969004,1.5537,False,-0.1163,5.0,47385312.0,2026-10-01
EPRT,EPRT,index,25.6,30.289,29.2474,0.007829,Stage 1 (Basing),HOLD / WATCH,2164530,1904252,1.1367,False,-0.1247,5.0,48748867.0,2026-10-01
FRPT,FRPT,index,57.72,62.2273,65.854,0.007585,Stage 1 (Basing),HOLD / WATCH,1089481,1227341,0.8877,False,-0.1235,5.0,70842160.0,2026-10-01
HL,HL,index,17.0,17.9108,18.2134,0.007529,Stage 1 (Basing),HOLD / WATCH,23710764,36582137,0.6482,False,-0.0666,5.0,621896334.0,2026-10-01
DCI,DCI,index,87.76,88.0821,91.5094,0.00742,Stage 1 (Basing),HOLD / WATCH,706254,663705,1.0641,False,-0.041,5.0,58246759.0,2026-10-01
PCG,PCG,index,12.17,16.5414,15.5151,0.007299,Stage 1 (Basing),HOLD / WATCH,31471762,41306239,0.7619,False,-0.2156,5.0,502696935.0,2026-10-01
AMH,AMH,index,30.53,31.3159,32.6246,0.007256,Stage 1 (Basing),HOLD / WATCH,2740745,2558402,1.0713,False,-0.0642,5.0,78108042.0,2026-10-01
HE,HE,index,8.93,13.2671,11.2138,0.007222,Stage 1 (Basing),HOLD / WATCH,3125455,2430599,1.2859,False,-0.2037,5.0,21705251.0,2026-10-01
UA,UA,index,4.53,5.7769,5.311,0.007039,Stage 1 (Basing),HOLD / WATCH,5190091,2680364,1.9363,False,-0.1471,5.0,12142052.0,2026-10-01
UAA,UAA,index,4.64,5.9284,5.4348,0.006958,Stage 1 (Basing),HOLD / WATCH,16379244,9067278,1.8064,False,-0.1462,5.0,42072173.0,2026-10-01
AGNC,AGNC,index,8.95,10.0724,10.2569,0.006431,Stage 1 (Basing),HOLD / WATCH,50471003,27161946,1.8582,False,-0.1274,5.0,243099412.0,2026-10-01
STZ,STZ,index,112.99,139.3152,127.2579,0.005838,Stage 1 (Basing),HOLD / WATCH,1979400,2007274,0.9861,False,-0.1121,5.0,226801885.0,2026-10-01
APOG,APOG,index,35.71,37.6629,39.6748,0.005767,Stage 1 (Basing),HOLD / WATCH,265675,206685,1.2854,False,-0.0999,5.0,7380739.0,2026-10-01
EFC,EFC,index,11.69,12.5348,12.9241,0.004774,Stage 1 (Basing),HOLD / WATCH,2529583,1263871,2.0015,False,-0.0955,5.0,14774659.0,2026-10-01
AAL,AAL,index,13.13,13.546,14.0352,0.004746,Stage 1 (Basing),HOLD / WATCH,54649691,64957095,0.8413,False,-0.0645,5.0,852886676.0,2026-10-01
MWA,MWA,index,21.5,25.8604,24.1848,0.004644,Stage 1 (Basing),HOLD / WATCH,1200598,1207823,0.994,False,-0.111,5.0,25968215.0,2026-10-01
ORI,ORI,index,37.49,40.1145,41.2539,0.004632,Stage 1 (Basing),HOLD / WATCH,1677299,1296675,1.2935,False,-0.0912,5.0,48612385.0,2026-10-01
PPL,PPL,index,32.76,35.7698,34.3146,0.00444,Stage 1 (Basing),HOLD / WATCH,9902217,7796250,1.2701,False,-0.0453,5.0,255405148.0,2026-10-01
MAA,MAA,index,116.38,128.5022,128.1318,0.004293,Stage 1 (Basing),HOLD / WATCH,1101784,1061069,1.0384,False,-0.0917,5.0,123487286.0,2026-10-01
STRA,STRA,index,78.79,79.6096,81.0156,0.004262,Stage 1 (Basing),HOLD / WATCH,225731,297596,0.7585,False,-0.0275,5.0,23447638.0,2026-10-01
WTRG,WTRG,index,38.67,38.9517,40.361,0.004203,Stage 1 (Basing),HOLD / WATCH,3097334,2259924,1.3705,False,-0.0419,5.0,87391283.0,2026-10-01
VC,VC,index,88.36,102.4152,100.4974,0.004048,Stage 1 (Basing),HOLD / WATCH,593927,477888,1.2428,False,-0.1208,5.0,42226232.0,2026-10-01
ONDS,ONDAS INC.,guide,7.12,9.0313,8.0109,0.003981,Stage 1 (Basing),HOLD / WATCH,40610934,68319024,0.5944,False,-0.1112,5.0,486431448.0,2026-10-01
WY,WY,index,18.59,23.4899,23.0298,0.003938,Stage 1 (Basing),HOLD / WATCH,11738946,6006516,1.9544,False,-0.1928,5.0,111661150.0,2026-10-01
PEP,PEP,index,125.6,143.4659,136.2493,0.003616,Stage 1 (Basing),HOLD / WATCH,8179727,7955532,1.0282,False,-0.0782,5.0,999214875.0,2026-10-01
JBLU,JBLU,index,4.15,5.0232,5.01,0.003015,Stage 1 (Basing),HOLD / WATCH,14151092,25700429,0.5506,False,-0.1717,5.0,106656786.0,2026-10-01
MTG,MTG,index,26.37,27.7957,30.1395,0.002923,Stage 1 (Basing),HOLD / WATCH,4770747,1978180,2.4117,False,-0.1251,5.0,52164633.0,2026-10-01
REYN,REYN,index,21.94,22.9358,23.8945,0.002873,Stage 1 (Basing),HOLD / WATCH,1400823,1439514,0.9731,False,-0.0818,5.0,31582948.0,2026-10-01
TNDM,TNDM,index,16.5,18.8332,19.5309,0.00287,Stage 1 (Basing),HOLD / WATCH,2401707,2047954,1.1727,False,-0.1552,5.0,33791243.0,2026-10-01
HBAN,HBAN,index,15.19,16.3955,16.6568,0.002856,Stage 1 (Basing),HOLD / WATCH,25169334,27268212,0.923,False,-0.0881,5.0,414204139.0,2026-10-01
ALV,ALV,index,113.07,116.4667,119.789,0.002708,Stage 1 (Basing),HOLD / WATCH,654596,605667,1.0808,False,-0.0561,5.0,68482872.0,2026-10-01
MTH,MTH,index,64.37,68.033,68.6842,0.00253,Stage 1 (Basing),HOLD / WATCH,973557,788985,1.2339,False,-0.0628,5.0,50786976.0,2026-10-01
HSY,HSY,index,159.3,186.1038,176.0072,0.00241,Stage 1 (Basing),HOLD / WATCH,2104538,1448770,1.4526,False,-0.0949,5.0,230789186.0,2026-10-01
FUN,FUN,index,10.88,17.9425,15.1342,0.002174,Stage 1 (Basing),HOLD / WATCH,5219000,2273850,2.2952,False,-0.2811,5.0,24739488.0,2026-10-01
FBK,FBK,index,52.09,54.8493,57.2474,0.001867,Stage 1 (Basing),HOLD / WATCH,484469,446847,1.0842,False,-0.0901,5.0,23276280.0,2026-10-01
VFC,VFC,index,14.41,16.2723,14.1493,0.001594,Stage 1 (Basing),HOLD / WATCH,12519522,7907714,1.5832,False,0.0184,5.0,113950164.0,2026-10-01
RIVN,"RIVIAN AUTOMOTIVE, INC.",guide,14.76,15.8295,15.7707,0.001584,Stage 1 (Basing),HOLD / WATCH,28159095,22570855,1.2476,False,-0.0641,5.0,333145838.0,2026-10-01
SMP,SMP,index,37.29,37.6769,38.3566,0.001556,Stage 1 (Basing),HOLD / WATCH,102622,167780,0.6116,False,-0.0278,5.0,6256533.0,2026-10-01
CCS,CCS,index,60.16,61.3102,66.0982,0.001403,Stage 1 (Basing),HOLD / WATCH,243333,267762,0.9088,False,-0.0898,5.0,16108602.0,2026-10-01
FERG,FERG,index,221.49,234.2455,231.7032,0.001141,Stage 1 (Basing),HOLD / WATCH,2017361,2623309,0.769,False,-0.0441,5.0,581036774.0,2026-10-01
HRL,HRL,index,19.96,22.6153,22.7672,0.00109,Stage 1 (Basing),HOLD / WATCH,5873210,4717596,1.245,False,-0.1233,5.0,94163216.0,2026-10-01
KHC,KHC,index,22.46,23.4094,24.8055,0.000994,Stage 1 (Basing),HOLD / WATCH,17692274,18169977,0.9737,False,-0.0946,5.0,408097678.0,2026-10-01
CNX,CNX,index,31.52,36.1871,35.0384,0.000881,Stage 1 (Basing),HOLD / WATCH,1340561,1700813,0.7882,False,-0.1004,5.0,53609633.0,2026-10-01
AHCO,AHCO,index,5.68,9.4493,6.6056,0.000803,Stage 1 (Basing),HOLD / WATCH,2027931,3258882,0.6223,False,-0.1401,5.0,18510453.0,2026-10-01
SLGN,SLGN,index,34.77,40.7114,40.3516,0.000734,Stage 1 (Basing),HOLD / WATCH,1430985,1332101,1.0742,False,-0.1383,5.0,46317177.0,2026-10-01
CLSK,CLSK,index,12.52,12.9867,12.9939,0.000666,Stage 1 (Basing),HOLD / WATCH,18567510,19092626,0.9725,False,-0.0365,5.0,239039689.0,2026-10-01
IRT,IRT,index,14.5,15.8213,15.8346,0.000411,Stage 1 (Basing),HOLD / WATCH,4186866,3263865,1.2828,False,-0.0843,5.0,47326047.0,2026-10-01
ATR,ATR,index,120.87,125.6825,129.8779,0.000317,Stage 1 (Basing),HOLD / WATCH,389005,447036,0.8702,False,-0.0694,5.0,54033255.0,2026-10-01
FUL,FUL,index,50.23,58.0731,55.2166,0.000284,Stage 1 (Basing),HOLD / WATCH,1254459,775853,1.6169,False,-0.0903,5.0,38971105.0,2026-10-01
ACAD,ACAD,index,19.89,24.0149,27.0478,2.6e-05,Stage 1 (Basing),HOLD / WATCH,2728672,1881637,1.4502,False,-0.2646,5.0,37425768.0,2026-10-01
SLG,SLG,index,48.77,46.4189,53.5449,-0.000477,Stage 3 (Topping),HOLD / WATCH,1144419,912722,1.2539,False,-0.0892,0.0,44513471.0,2026-10-01
P,P,index,134.13,80.9243,100.7482,-0.000479,Stage 3 (Topping),HOLD / WATCH,4200567,4960555,0.8468,False,0.3313,0.0,665359312.0,2026-10-01
DV,DV,index,13.49,11.2684,12.9106,-0.00177,Stage 3 (Topping),HOLD / WATCH,2740662,4054209,0.676,False,0.0449,0.0,54691282.0,2026-10-01
NDAQ,NDAQ,index,91.67,89.4785,94.6976,-0.003775,Stage 3 (Topping),HOLD / WATCH,2982135,3140768,0.9495,False,-0.032,0.0,287914261.0,2026-10-01
DNOW,DNOW,index,15.28,13.686,15.5456,-0.003833,Stage 3 (Topping),HOLD / WATCH,2343974,2384905,0.9828,False,-0.0171,0.0,36441355.0,2026-10-01
SBH,SBH,index,16.07,14.6537,16.2014,-0.004929,Stage 3 (Topping),HOLD / WATCH,2087364,1343139,1.5541,False,-0.0081,0.0,21584248.0,2026-10-01
CRBG,CRBG,index,33.66,28.7502,33.1,-0.006677,Stage 3 (Topping),HOLD / WATCH,5437187,4495135,1.2096,False,0.0169,0.0,151306268.0,2026-10-01
GME,GME,index,24.11,22.1061,20.4548,-0.007267,Stage 3 (Topping),HOLD / WATCH,10597604,8150190,1.3003,False,0.1787,0.0,196501088.0,2026-10-01
COTY,COTY,index,2.65,2.3812,2.7322,-0.008486,Stage 3 (Topping),HOLD / WATCH,7312142,7075674,1.0334,False,-0.0301,0.0,18750539.0,2026-10-01
BJ,BJ,index,94.36,93.0387,93.7436,-0.009011,Stage 3 (Topping),HOLD / WATCH,3571108,1779888,2.0064,False,0.0066,0.0,167950248.0,2026-10-01
CLF,CLF,index,11.47,10.8594,11.8994,-0.00915,Stage 3 (Topping),HOLD / WATCH,14775086,18649875,0.7922,False,-0.0361,0.0,213914079.0,2026-10-01
LNC,LNC,index,39.73,38.2396,43.3466,-0.009768,Stage 3 (Topping),HOLD / WATCH,2348815,2044926,1.1486,False,-0.0834,0.0,81244921.0,2026-10-01
RJF,RJF,index,159.76,159.2009,172.6562,-0.009878,Stage 3 (Topping),HOLD / WATCH,847784,1186385,0.7146,False,-0.0747,0.0,189536970.0,2026-10-01
KSS,KSS,index,18.92,15.8966,18.212,-0.010377,Stage 3 (Topping),HOLD / WATCH,4347036,4064538,1.0695,False,0.0389,0.0,76901073.0,2026-10-01
AVTR,AVTR,index,15.03,10.6105,14.2856,-0.011104,Stage 3 (Topping),HOLD / WATCH,10567381,9486047,1.114,False,0.0521,0.0,142575293.0,2026-10-01
ENR,ENR,index,21.21,19.5192,21.4298,-0.01163,Stage 3 (Topping),HOLD / WATCH,810463,1010199,0.8023,False,-0.0103,0.0,21426325.0,2026-10-01
SONO,SONO,index,17.75,14.9086,15.9148,-0.011907,Stage 3 (Topping),HOLD / WATCH,1769350,1871339,0.9455,False,0.1153,0.0,33216267.0,2026-10-01
EQH,EQH,index,51.95,44.6257,51.1306,-0.013427,Stage 3 (Topping),HOLD / WATCH,2241852,2959409,0.7575,False,0.016,0.0,153741302.0,2026-10-01
FOXF,FOXF,index,18.37,18.1293,19.8302,-0.014266,Stage 3 (Topping),HOLD / WATCH,700511,537984,1.3021,False,-0.0736,0.0,9882771.0,2026-10-01
ALRM,ALRM,index,54.86,49.2463,55.349,-0.016304,Stage 3 (Topping),HOLD / WATCH,326116,419152,0.778,False,-0.0088,0.0,22994697.0,2026-10-01
GAP,GAP,index,22.73,22.1285,21.0078,-0.016595,Stage 3 (Topping),HOLD / WATCH,6158658,7038809,0.875,False,0.082,0.0,159992129.0,2026-10-01
MTN,MTN,index,138.99,135.4114,143.6618,-0.016791,Stage 3 (Topping),HOLD / WATCH,714653,774827,0.9223,False,-0.0325,0.0,107693217.0,2026-10-01
WRB,WRB,index,68.9,68.2702,70.0992,-0.016849,Stage 3 (Topping),HOLD / WATCH,1804778,2512939,0.7182,False,-0.0171,0.0,173141540.0,2026-10-01
BOX,BOX,index,34.6,28.0169,33.0806,-0.017515,Stage 3 (Topping),HOLD / WATCH,2840772,2939063,0.9666,False,0.0459,0.0,101691591.0,2026-10-01
PATH,PATH,index,13.32,12.1935,14.5334,-0.017625,Stage 3 (Topping),HOLD / WATCH,42451379,59983305,0.7077,False,-0.0835,0.0,798977612.0,2026-10-01
DT,DT,index,59.26,43.3882,51.1146,-0.017675,Stage 3 (Topping),HOLD / WATCH,5052759,6757363,0.7477,False,0.1594,0.0,400441331.0,2026-10-01
AEO,AEO,index,17.97,17.1314,16.7254,-0.019256,Stage 3 (Topping),HOLD / WATCH,5723964,5889183,0.9719,False,0.0744,0.0,105828619.0,2026-10-01
SDGR,SDGR,index,30.46,16.003,21.006,-0.019686,Stage 3 (Topping),HOLD / WATCH,5134462,1698123,3.0236,False,0.4501,0.0,51724832.0,2026-10-01
NAVI,NAVI,index,9.11,8.4385,9.0875,-0.021537,Stage 3 (Topping),HOLD / WATCH,1227515,1323718,0.9273,False,0.0025,0.0,12059073.0,2026-10-01
WWW,WWW,index,19.25,17.776,19.619,-0.022173,Stage 3 (Topping),HOLD / WATCH,971696,778967,1.2474,False,-0.0188,0.0,14995132.0,2026-10-01
TTEK,TTEK,index,33.72,31.874,35.1241,-0.022393,Stage 3 (Topping),HOLD / WATCH,1933647,2609232,0.7411,False,-0.04,0.0,87983338.0,2026-10-01
NABL,NABL,index,4.34,4.236,4.0114,-0.02272,Stage 3 (Topping),HOLD / WATCH,1716226,2730034,0.6286,False,0.0819,0.0,11848350.0,2026-10-01
FOX,FOX,index,54.92,54.9007,57.1311,-0.023066,Stage 3 (Topping),HOLD / WATCH,1625545,1159942,1.4014,False,-0.0387,0.0,63704062.0,2026-10-01
GO,GO,index,11.77,9.0838,10.9336,-0.023763,Stage 3 (Topping),HOLD / WATCH,4514654,2612341,1.7282,False,0.0765,0.0,30747256.0,2026-10-01
GPN,GPN,index,80.29,76.2406,87.844,-0.024111,Stage 3 (Topping),HOLD / WATCH,2569206,2783958,0.9229,False,-0.086,0.0,223524000.0,2026-10-01
CERT,CERT,index,9.34,6.7661,8.2214,-0.024204,Stage 3 (Topping),HOLD / WATCH,3786746,3107644,1.2185,False,0.1361,0.0,29025404.0,2026-10-01
DXC,DXC,index,11.64,10.7611,10.9806,-0.024671,Stage 3 (Topping),HOLD / WATCH,4032982,3119111,1.293,False,0.0601,0.0,36306461.0,2026-10-01
HNI,HNI,index,46.73,39.4089,47.0641,-0.025172,Stage 3 (Topping),HOLD / WATCH,532205,578114,0.9206,False,-0.0071,0.0,27015272.0,2026-10-01
FOXA,FOXA,index,61.28,61.1755,64.0137,-0.025725,Stage 3 (Topping),HOLD / WATCH,4823740,4953692,0.9738,False,-0.0427,0.0,303562289.0,2026-10-01
REXR,REXR,index,36.02,35.0884,36.9759,-0.027032,Stage 3 (Topping),HOLD / WATCH,2653683,2698689,0.9833,False,-0.0259,0.0,97206803.0,2026-10-01
BRK-B,BRK-B,index,500.5,491.8757,507.1442,-0.029918,Stage 3 (Topping),HOLD / WATCH,4424085,4416391,1.0017,False,-0.0131,0.0,2210404046.0,2026-10-01
CNMD,CNMD,index,45.93,40.6269,47.8132,-0.03056,Stage 3 (Topping),HOLD / WATCH,222398,398747,0.5577,False,-0.0394,0.0,18314494.0,2026-10-01
DFIN,DFIN,index,47.49,46.2518,48.4342,-0.03095,Stage 3 (Topping),HOLD / WATCH,203418,233234,0.8722,False,-0.0195,0.0,11076300.0,2026-10-01
MAT,MAT,index,15.04,14.5743,14.3298,-0.032067,Stage 3 (Topping),HOLD / WATCH,35598289,4667485,7.6269,False,0.0496,0.0,70198986.0,2026-10-01
PRGO,PRGO,index,14.02,11.3026,13.1437,-0.033183,Stage 3 (Topping),HOLD / WATCH,2635624,2879662,0.9153,False,0.0667,0.0,40372869.0,2026-10-01
HRB,HRB,index,42.32,38.4006,46.7495,-0.033233,Stage 3 (Topping),HOLD / WATCH,2344367,2211611,1.06,False,-0.0948,0.0,93595391.0,2026-10-01
LYFT,LYFT,index,15.21,14.7594,16.1655,-0.034196,Stage 3 (Topping),HOLD / WATCH,7695510,10833176,0.7104,False,-0.0591,0.0,164772610.0,2026-10-01
PGR,PGR,index,210.96,208.3431,214.2956,-0.035327,Stage 3 (Topping),HOLD / WATCH,2432106,2513512,0.9676,False,-0.0156,0.0,530250534.0,2026-10-01
EHC,EHC,index,119.06,109.3464,120.2402,-0.036172,Stage 3 (Topping),HOLD / WATCH,833435,887696,0.9389,False,-0.0098,0.0,105689167.0,2026-10-01
MHK,MHK,index,125.12,113.4622,128.1214,-0.036291,Stage 3 (Topping),HOLD / WATCH,960020,1043594,0.9199,False,-0.0234,0.0,130574534.0,2026-10-01
QLYS,QLYS,index,187.43,128.2682,173.1578,-0.038541,Stage 3 (Topping),HOLD / WATCH,637961,730659,0.8731,False,0.0824,0.0,136947452.0,2026-10-01
SIG,SIG,index,104.25,88.657,93.172,-0.039083,Stage 3 (Topping),HOLD / WATCH,1083335,874212,1.2392,False,0.1189,0.0,91136674.0,2026-10-01
AMPH,AMPH,index,25.35,20.7055,22.3414,-0.041361,Stage 3 (Topping),HOLD / WATCH,528692,482293,1.0962,False,0.1347,0.0,12226149.0,2026-10-01
CTAS,CTAS,index,195.6,185.9816,201.7179,-0.04264,Stage 3 (Topping),HOLD / WATCH,1819451,2041017,0.8914,False,-0.0303,0.0,399222942.0,2026-10-01
IONQ,"IONQ, INC.",guide,43.99,43.6431,40.408,-0.044835,Stage 3 (Topping),HOLD / WATCH,17070954,21791923,0.7834,False,0.0886,0.0,958626733.0,2026-10-01
AVY,AVY,index,171.62,166.604,172.9426,-0.046393,Stage 3 (Topping),HOLD / WATCH,787750,966901,0.8147,False,-0.0076,0.0,165939545.0,2026-10-01
A,A,index,166.68,131.6672,151.9708,-0.047112,Stage 3 (Topping),HOLD / WATCH,2397549,2250002,1.0656,False,0.0968,0.0,375030480.0,2026-10-01
SKYW,SKYW,index,97.69,94.9446,102.2664,-0.047191,Stage 3 (Topping),HOLD / WATCH,240612,354172,0.6794,False,-0.0447,0.0,34599087.0,2026-10-01
AZTA,AZTA,index,34.48,26.064,32.3128,-0.048239,Stage 3 (Topping),HOLD / WATCH,770773,793465,0.9714,False,0.0671,0.0,27358689.0,2026-10-01
EXPO,EXPO,index,69.9,64.115,67.2268,-0.048279,Stage 3 (Topping),HOLD / WATCH,860191,495011,1.7377,False,0.0398,0.0,34601327.0,2026-10-01
TOST,TOST,index,29.23,28.9897,32.916,-0.049854,Stage 3 (Topping),HOLD / WATCH,7811956,9209299,0.8483,False,-0.112,0.0,269187809.0,2026-10-01
SMCI,SMCI,index,41.92,32.2776,36.2664,-0.050136,Stage 3 (Topping),HOLD / WATCH,26367082,45348145,0.5814,False,0.1559,0.0,1900994182.0,2026-10-01
ADMA,ADMA,index,9.93,9.9157,9.3778,-0.051683,Stage 3 (Topping),HOLD / WATCH,3969749,2591424,1.5319,False,0.0589,0.0,25732851.0,2026-10-01
NTNX,NTNX,index,71.52,52.0178,65.5715,-0.053051,Stage 3 (Topping),HOLD / WATCH,2285088,2602425,0.8781,False,0.0907,0.0,186125482.0,2026-10-01
PRGS,PRGS,index,36.58,35.2976,41.9478,-0.054232,Stage 3 (Topping),HOLD / WATCH,1892485,539399,3.5085,False,-0.128,0.0,19731242.0,2026-10-01
USPH,USPH,index,82.6,73.3646,79.7184,-0.060284,Stage 3 (Topping),HOLD / WATCH,140759,202673,0.6945,False,0.0361,0.0,16740804.0,2026-10-01
U,UNITY SOFTWARE INC.,guide,43.61,30.6821,41.0324,-0.062092,Stage 3 (Topping),HOLD / WATCH,10189561,11049631,0.9222,False,0.0628,0.0,481874424.0,2026-10-01
BILL,BILL,index,43.78,41.4768,47.274,-0.06516,Stage 3 (Topping),HOLD / WATCH,1540156,2148407,0.7169,False,-0.0739,0.0,94057261.0,2026-10-01
DLB,DLB,index,59.06,57.7987,59.8362,-0.065933,Stage 3 (Topping),HOLD / WATCH,788614,975650,0.8083,False,-0.013,0.0,57621907.0,2026-10-01
ADUS,ADUS,index,111.7,104.3215,116.8252,-0.067113,Stage 3 (Topping),HOLD / WATCH,205128,212752,0.9642,False,-0.0439,0.0,23764460.0,2026-10-01
G,G,index,34.7,33.9395,34.9498,-0.067209,Stage 3 (Topping),HOLD / WATCH,2285103,2244560,1.0181,False,-0.0071,0.0,77886236.0,2026-10-01
EXLS,EXLS,index,36.48,31.3735,35.1216,-0.069331,Stage 3 (Topping),HOLD / WATCH,3016855,2253213,1.3389,False,0.0387,0.0,82197213.0,2026-10-01
DORM,DORM,index,122.89,122.5841,130.2044,-0.072497,Stage 3 (Topping),HOLD / WATCH,268190,250817,1.0693,False,-0.0562,0.0,30822999.0,2026-10-01
VLTO,VLTO,index,94.6,91.0057,96.3693,-0.072947,Stage 3 (Topping),HOLD / WATCH,1367781,1651285,0.8283,False,-0.0184,0.0,156211617.0,2026-10-01
CXT,CXT,index,48.06,45.9464,50.016,-0.073732,Stage 3 (Topping),HOLD / WATCH,479784,552731,0.868,False,-0.0391,0.0,26564285.0,2026-10-01
MDT,MDT,index,86.44,84.1035,89.1741,-0.078192,Stage 3 (Topping),HOLD / WATCH,28588654,9519451,3.0032,False,-0.0307,0.0,822861375.0,2026-10-01
ICE,ICE,index,151.47,151.2132,154.784,-0.078251,Stage 3 (Topping),HOLD / WATCH,2696768,3508533,0.7686,False,-0.0214,0.0,531437552.0,2026-10-01
CRVL,CRVL,index,74.72,61.0341,67.5832,-0.078418,Stage 3 (Topping),HOLD / WATCH,146332,193000,0.7582,False,0.1056,0.0,14421008.0,2026-10-01
MMSI,MMSI,index,86.15,74.3497,87.055,-0.080119,Stage 3 (Topping),HOLD / WATCH,664049,834602,0.7956,False,-0.0104,0.0,71901048.0,2026-10-01
HCI,HCI,index,181.39,168.438,182.7085,-0.081803,Stage 3 (Topping),HOLD / WATCH,201519,162744,1.2383,False,-0.0072,0.0,29520203.0,2026-10-01
HIMS,HIMS,index,29.3,27.5757,29.3674,-0.083014,Stage 3 (Topping),HOLD / WATCH,7891412,12568506,0.6279,False,-0.0023,0.0,368257223.0,2026-10-01
EL,EL,index,90.19,85.6696,93.3493,-0.083876,Stage 3 (Topping),HOLD / WATCH,3506899,3179385,1.103,False,-0.0338,0.0,286748829.0,2026-10-01
IQV,IQV,index,260.72,202.9765,252.7776,-0.084923,Stage 3 (Topping),HOLD / WATCH,1452809,1531380,0.9487,False,0.0314,0.0,399261442.0,2026-10-01
WAY,WAY,index,25.35,22.9584,24.5581,-0.085049,Stage 3 (Topping),HOLD / WATCH,1929754,2497375,0.7727,False,0.0322,0.0,63308459.0,2026-10-01
RGEN,RGEN,index,177.23,139.5458,168.7832,-0.086369,Stage 3 (Topping),HOLD / WATCH,1945674,1133123,1.7171,False,0.05,0.0,200823470.0,2026-10-01
PYPL,PYPL,index,53.06,49.4252,56.4818,-0.088926,Stage 3 (Topping),HOLD / WATCH,10505036,12352758,0.8504,False,-0.0606,0.0,655437395.0,2026-10-01
GPC,GPC,index,125.12,114.7059,131.2176,-0.089518,Stage 3 (Topping),HOLD / WATCH,981197,1080695,0.9079,False,-0.0465,0.0,135216679.0,2026-10-01
CDW,CDW,index,135.83,130.628,142.0482,-0.089945,Stage 3 (Topping),HOLD / WATCH,1652447,1722078,0.9596,False,-0.0438,0.0,233909986.0,2026-10-01
RDNT,RDNT,index,67.7,63.3807,72.2659,-0.091594,Stage 3 (Topping),HOLD / WATCH,928522,742928,1.2498,False,-0.0632,0.0,50296253.0,2026-10-01
J,J,index,139.79,131.1655,142.9514,-0.097743,Stage 3 (Topping),HOLD / WATCH,919586,859265,1.0702,False,-0.0221,0.0,120116749.0,2026-10-01
CNXC,CNXC,index,27.01,26.478,26.9256,-0.102322,Stage 3 (Topping),HOLD / WATCH,2197709,1614568,1.3612,False,0.0031,0.0,43609487.0,2026-10-01
RYAN,RYAN,index,38.39,37.3956,41.506,-0.104823,Stage 3 (Topping),HOLD / WATCH,2039834,2002756,1.0185,False,-0.0751,0.0,76885828.0,2026-10-01
QTWO,QTWO,index,56.48,52.7756,60.9744,-0.114985,Stage 3 (Topping),HOLD / WATCH,698276,756537,0.923,False,-0.0737,0.0,42729239.0,2026-10-01
DOCU,DOCU,index,69.74,52.4527,62.7234,-0.116847,Stage 3 (Topping),HOLD / WATCH,2072043,3264884,0.6346,False,0.1119,0.0,227693063.0,2026-10-01
TEL,TEL,index,217.76,208.1949,208.4911,-0.116969,Stage 3 (Topping),HOLD / WATCH,1504620,2085498,0.7215,False,0.0445,0.0,454138120.0,2026-10-01
BITU,ProShares:Ultra Bitcoin,guide,15.57,12.1799,12.2628,-0.125224,Stage 3 (Topping),HOLD / WATCH,4071715,4734530,0.86,False,0.2697,0.0,73716635.0,2026-10-01
CVLT,CVLT,index,147.77,117.7179,137.961,-0.126459,Stage 3 (Topping),HOLD / WATCH,559231,613288,0.9119,False,0.0711,0.0,90625662.0,2026-10-01
SNPS,SNPS,index,482.15,435.9673,405.112,-0.139073,Stage 3 (Topping),HOLD / WATCH,3591910,1919736,1.871,False,0.1902,0.0,925600797.0,2026-10-01
CVCO,CVCO,index,577.2,543.2611,565.5266,-0.140202,Stage 3 (Topping),HOLD / WATCH,85163,109471,0.7779,False,0.0206,0.0,63186813.0,2026-10-01
CTSH,CTSH,index,60.88,54.7612,58.4551,-0.144543,Stage 3 (Topping),HOLD / WATCH,13252521,7754666,1.709,False,0.0415,0.0,472104100.0,2026-10-01
AGYS,AGYS,index,100.31,89.7507,107.718,-0.149962,Stage 3 (Topping),HOLD / WATCH,377080,260279,1.4487,False,-0.0688,0.0,26108646.0,2026-10-01
MDB,MDB,index,351.73,328.0112,388.4976,-0.150013,Stage 3 (Topping),HOLD / WATCH,2615709,2265432,1.1546,False,-0.0946,0.0,796820486.0,2026-10-01
PAYC,PAYC,index,227.47,157.8135,211.4562,-0.152435,Stage 3 (Topping),HOLD / WATCH,517805,832724,0.6218,False,0.0757,0.0,189419752.0,2026-10-01
EFOR,EFOR,index,36.19,28.1919,30.9422,-0.153108,Stage 3 (Topping),HOLD / WATCH,1235474,818771,1.5089,False,0.1696,0.0,29631339.0,2026-10-01
ALLE,ALLE,index,154.28,144.7028,157.8758,-0.15713,Stage 3 (Topping),HOLD / WATCH,1038848,1308942,0.7937,False,-0.0228,0.0,201943718.0,2026-10-01
MANH,MANH,index,204.15,161.2132,201.6218,-0.170555,Stage 3 (Topping),HOLD / WATCH,501782,811723,0.6182,False,0.0125,0.0,165713376.0,2026-10-01
BLKB,BLKB,index,42.55,38.1519,44.0964,-0.173317,Stage 3 (Topping),HOLD / WATCH,340554,530209,0.6423,False,-0.0351,0.0,22560396.0,2026-10-01
ADP,ADP,index,263.96,233.4679,269.8384,-0.173645,Stage 3 (Topping),HOLD / WATCH,1516015,2269718,0.6679,False,-0.0218,0.0,599114823.0,2026-10-01
DHR,DHR,index,211.76,193.1454,208.0085,-0.174129,Stage 3 (Topping),HOLD / WATCH,4285881,4256579,1.0069,False,0.018,0.0,901373277.0,2026-10-01
BLK,BLK,index,1064.36,1042.9862,1105.4973,-0.188599,Stage 3 (Topping),HOLD / WATCH,511119,580912,0.8799,False,-0.0372,0.0,618299892.0,2026-10-01
ELF,ELF,index,104.09,76.1958,96.3532,-0.19191,Stage 3 (Topping),HOLD / WATCH,1821229,1935332,0.941,False,0.0803,0.0,201448761.0,2026-10-01
HOOD,HOOD,index,111.15,92.0735,105.1726,-0.19737,Stage 3 (Topping),HOLD / WATCH,17995546,21016192,0.8563,False,0.0568,0.0,2335949875.0,2026-10-01
PCTY,PCTY,index,146.6,121.819,145.9961,-0.198282,Stage 3 (Topping),HOLD / WATCH,768647,720842,1.0663,False,0.0041,0.0,105675579.0,2026-10-01
MKTX,MKTX,index,164.22,149.6365,158.3042,-0.205556,Stage 3 (Topping),HOLD / WATCH,548827,1202822,0.4563,False,0.0374,0.0,197527519.0,2026-10-01
CACI,CACI,index,627.06,552.7899,606.4166,-0.20747,Stage 3 (Topping),HOLD / WATCH,305134,280112,1.0893,False,0.034,0.0,175647456.0,2026-10-01
SPSC,SPSC,index,84.2,64.0721,78.029,-0.211616,Stage 3 (Topping),HOLD / WATCH,376536,549372,0.6854,False,0.0791,0.0,46257181.0,2026-10-01
DOCS,DOCS,index,28.5,23.4405,24.9288,-0.218858,Stage 3 (Topping),HOLD / WATCH,3340566,4900515,0.6817,False,0.1433,0.0,139664687.0,2026-10-01
PLTR,PLTR,index,190.04,148.7712,168.4684,-0.219351,Stage 3 (Topping),HOLD / WATCH,16716254,34544017,0.4839,False,0.128,0.0,6564744774.0,2026-10-01
TMO,TMO,index,652.51,530.6854,615.4596,-0.223187,Stage 3 (Topping),HOLD / WATCH,2375074,2101095,1.1304,False,0.0602,0.0,1370985832.0,2026-10-01
MA,MA,index,550.0,526.5586,570.2626,-0.223549,Stage 3 (Topping),HOLD / WATCH,2875699,2888533,0.9956,False,-0.0355,0.0,1588693689.0,2026-10-01
PI,PI,index,183.87,139.6667,167.8075,-0.225531,Stage 3 (Topping),HOLD / WATCH,350384,437715,0.8005,False,0.0957,0.0,80482780.0,2026-10-01
AJG,AJG,index,231.82,228.5438,249.6041,-0.232761,Stage 3 (Topping),HOLD / WATCH,2719118,1420492,1.9142,False,-0.0712,0.0,329298549.0,2026-10-01
FDS,FDS,index,277.61,245.2429,281.5945,-0.237677,Stage 3 (Topping),HOLD / WATCH,1344862,895587,1.5017,False,-0.0141,0.0,248623961.0,2026-10-01
COR,COR,index,309.78,306.925,317.4186,-0.24226,Stage 3 (Topping),HOLD / WATCH,1889571,1346425,1.4034,False,-0.0241,0.0,417095665.0,2026-10-01
WTW,WTW,index,291.6,290.6388,322.4634,-0.245611,Stage 3 (Topping),HOLD / WATCH,483335,547862,0.8822,False,-0.0957,0.0,159756767.0,2026-10-01
MORN,MORN,index,191.21,182.6121,201.1374,-0.246764,Stage 3 (Topping),HOLD / WATCH,186352,341249,0.5461,False,-0.0494,0.0,65250231.0,2026-10-01
GDDY,GDDY,index,96.98,89.1428,96.4716,-0.260596,Stage 3 (Topping),HOLD / WATCH,1302869,2320897,0.5614,False,0.0053,0.0,225080636.0,2026-10-01
INSP,INSP,index,70.78,54.3697,62.8218,-0.27099,Stage 3 (Topping),HOLD / WATCH,2018083,787423,2.5629,False,0.1267,0.0,55733846.0,2026-10-01
OLLI,OLLI,index,87.91,82.1198,76.3471,-0.291435,Stage 3 (Topping),HOLD / WATCH,1507875,1664791,0.9057,False,0.1515,0.0,146351827.0,2026-10-01
IDCC,IDCC,index,339.93,310.5851,326.418,-0.291468,Stage 3 (Topping),HOLD / WATCH,157051,218203,0.7197,False,0.0414,0.0,74173751.0,2026-10-01
MEDP,MEDP,index,598.08,515.479,600.2682,-0.293185,Stage 3 (Topping),HOLD / WATCH,232754,270963,0.859,False,-0.0036,0.0,162057604.0,2026-10-01
RMD,RMD,index,221.15,215.8784,222.4766,-0.318339,Stage 3 (Topping),HOLD / WATCH,902521,1368340,0.6596,False,-0.006,0.0,302608476.0,2026-10-01
TEAM,TEAM,index,189.91,107.9268,161.4614,-0.332254,Stage 3 (Topping),HOLD / WATCH,2476248,4390368,0.564,False,0.1762,0.0,833774985.0,2026-10-01
PTC,PTC,index,146.47,138.8307,141.6498,-0.337793,Stage 3 (Topping),HOLD / WATCH,1910590,1521725,1.2555,False,0.034,0.0,222887180.0,2026-10-01
UHS,UHS,index,175.07,168.8792,172.0042,-0.341093,Stage 3 (Topping),HOLD / WATCH,590079,822993,0.717,False,0.0178,0.0,144081492.0,2026-10-01
DASH,DASH,index,182.175,180.9423,205.437,-0.343524,Stage 3 (Topping),HOLD / WATCH,4161509,4288878,0.9703,False,-0.1132,0.0,781326396.0,2026-10-01
NOW,"SERVICENOW, INC.",index|guide,137.76,111.4077,128.3406,-0.385366,Stage 3 (Topping),HOLD / WATCH,10118321,18073354,0.5598,False,0.0734,0.0,2489785206.0,2026-10-01
CRM,"SALESFORCE, INC.",index|guide,236.69,191.2176,218.2132,-0.392445,Stage 3 (Topping),HOLD / WATCH,9559373,14133067,0.6764,False,0.0847,0.0,3345155772.0,2026-10-01
ULTA,ULTA,index,537.73,523.4345,533.241,-0.411771,Stage 3 (Topping),HOLD / WATCH,439143,599024,0.7331,False,0.0084,0.0,322113626.0,2026-10-01
APPF,APPF,index,204.24,178.4994,205.6837,-0.433251,Stage 3 (Topping),HOLD / WATCH,187581,374203,0.5013,False,-0.007,0.0,76427349.0,2026-10-01
MSFT,MICROSOFT CORPORATION,index|guide,512.61,426.8734,484.6534,-0.448748,Stage 3 (Topping),HOLD / WATCH,9411705,27822584,0.3383,False,0.0577,0.0,14262134428.0,2026-10-01
VEEV,VEEV,index,281.93,198.5015,248.8592,-0.452528,Stage 3 (Topping),HOLD / WATCH,949463,1762141,0.5388,False,0.1329,0.0,496800473.0,2026-10-01
GWRE,GWRE,index,155.32,147.7177,164.5974,-0.455336,Stage 3 (Topping),HOLD / WATCH,1556662,1339011,1.1625,False,-0.0564,0.0,207975236.0,2026-10-01
BR,BR,index,161.15,158.9145,167.5855,-0.459869,Stage 3 (Topping),HOLD / WATCH,653042,1167498,0.5594,False,-0.0384,0.0,188142431.0,2026-10-01
META,META,index,725.93,617.6357,622.214,-0.472608,Stage 3 (Topping),HOLD / WATCH,12233971,19705765,0.6208,False,0.1667,0.0,14305006147.0,2026-10-01
WDAY,WDAY,index,186.75,148.7548,184.7216,-0.502502,Stage 3 (Topping),HOLD / WATCH,2451812,4034262,0.6077,False,0.011,0.0,753398473.0,2026-10-01
EPAM,EPAM,index,114.35,109.745,108.4582,-0.523016,Stage 3 (Topping),HOLD / WATCH,1472237,1392298,1.0574,False,0.0543,0.0,159209359.0,2026-10-01
IT,IT,index,192.8,160.9394,181.2284,-0.541917,Stage 3 (Topping),HOLD / WATCH,1093451,1302707,0.8394,False,0.0639,0.0,251161917.0,2026-10-01
ACN,ACN,index,212.3,174.5951,178.8894,-0.555016,Stage 3 (Topping),HOLD / WATCH,28761896,6293625,4.57,False,0.1868,0.0,1336136802.0,2026-10-01
ROP,ROP,index,362.59,360.4481,390.8762,-0.65321,Stage 3 (Topping),HOLD / WATCH,1120314,823768,1.36,False,-0.0724,0.0,298690138.0,2026-10-01
DUOL,DUOL,index,146.57,120.5843,141.9878,-0.723465,Stage 3 (Topping),HOLD / WATCH,765897,1231817,0.6218,False,0.0323,0.0,180547564.0,2026-10-01
MTD,MTD,index,1481.17,1287.1903,1405.3884,-0.748387,Stage 3 (Topping),HOLD / WATCH,165973,193331,0.8585,False,0.0539,0.0,286356767.0,2026-10-01
COIN,COIN,index,189.29,177.6018,172.3996,-0.758928,Stage 3 (Topping),HOLD / WATCH,5758091,9336053,0.6168,False,0.098,0.0,1767221565.0,2026-10-01
ZS,"ZSCALER, INC.",index|guide,198.78,154.7396,177.9505,-0.789092,Stage 3 (Topping),HOLD / WATCH,1450844,2899952,0.5003,False,0.1171,0.0,576452630.0,2026-10-01
TYL,TYL,index,330.18,327.3027,335.4382,-1.047735,Stage 3 (Topping),HOLD / WATCH,525245,884122,0.5941,False,-0.0157,0.0,291919693.0,2026-10-01
CDE,CDE,index,17.56,18.5706,18.8686,-0.000238,Stage 4 (Declining),SELL / AVOID,29944179,36859445,0.8124,False,-0.0694,-50.0,647251845.0,2026-10-01
LUMN,LUMN,index,5.59,7.4153,6.3092,-0.000279,Stage 4 (Declining),SELL / AVOID,22385447,13313466,1.6814,False,-0.114,-50.0,74422282.0,2026-10-01
BROS,BROS,index,38.61,54.7689,49.625,-0.000376,Stage 4 (Declining),SELL / AVOID,3806764,4206211,0.905,False,-0.222,-50.0,162401820.0,2026-10-01
UPBD,UPBD,index,15.68,18.6779,18.6456,-0.000416,Stage 4 (Declining),SELL / AVOID,1183496,975441,1.2133,False,-0.1591,-50.0,15294930.0,2026-10-01
NHI,NHI,index,65.08,74.6368,71.0697,-0.000625,Stage 4 (Declining),SELL / AVOID,478226,368068,1.2993,False,-0.0843,-50.0,23953900.0,2026-10-01
CPK,CPK,index,124.33,127.7232,132.0253,-0.001485,Stage 4 (Declining),SELL / AVOID,272458,179469,1.5181,False,-0.0583,-50.0,22313401.0,2026-10-01
SCI,SCI,index,76.5,79.1972,81.6257,-0.001492,Stage 4 (Declining),SELL / AVOID,1045647,980108,1.0669,False,-0.0628,-50.0,74978334.0,2026-10-01
UVV,UVV,index,41.68,50.1312,46.6538,-0.001604,Stage 4 (Declining),SELL / AVOID,283312,326912,0.8666,False,-0.1066,-50.0,13625702.0,2026-10-01
VNO,VNO,index,33.56,33.7909,37.3124,-0.001685,Stage 4 (Declining),SELL / AVOID,1621142,1450530,1.1176,False,-0.1006,-50.0,48679817.0,2026-10-01
ASO,ASO,index,47.85,50.9809,47.6712,-0.001741,Stage 4 (Declining),SELL / AVOID,903850,1741329,0.5191,False,0.0038,-50.0,83322590.0,2026-10-01
BCC,BCC,index,74.7,75.6155,78.9497,-0.001814,Stage 4 (Declining),SELL / AVOID,277607,331108,0.8384,False,-0.0538,-50.0,24733777.0,2026-10-01
PG,PG,index,143.95,145.7352,145.7536,-0.002063,Stage 4 (Declining),SELL / AVOID,7302938,8679980,0.8414,False,-0.0124,-50.0,1249483204.0,2026-10-01
AWK,AWK,index,127.86,131.6282,135.6578,-0.002331,Stage 4 (Declining),SELL / AVOID,2422361,2159813,1.1216,False,-0.0575,-50.0,276153720.0,2026-10-01
EQT,EQT,index,50.09,55.4917,52.8519,-0.00244,Stage 4 (Declining),SELL / AVOID,7832678,6911169,1.1333,False,-0.0523,-50.0,346180484.0,2026-10-01
SUI,SUI,index,110.0,121.7141,117.8471,-0.002648,Stage 4 (Declining),SELL / AVOID,1014536,1739432,0.5833,False,-0.0666,-50.0,191337599.0,2026-10-01
NFG,NFG,index,76.26,82.6602,80.8146,-0.003379,Stage 4 (Declining),SELL / AVOID,745463,692827,1.076,False,-0.0564,-50.0,52835008.0,2026-10-01
PHM,PHM,index,116.35,122.9934,124.9626,-0.005284,Stage 4 (Declining),SELL / AVOID,2281541,1552136,1.4699,False,-0.0689,-50.0,180591117.0,2026-10-01
THRM,THRM,index,33.63,34.5053,39.5702,-0.002327,Stage 4 (Declining),SELL / AVOID,1120043,468172,2.3924,False,-0.1501,-50.01,15744654.0,2026-10-01
FIZZ,FIZZ,index,29.69,31.3813,31.4704,-0.002359,Stage 4 (Declining),SELL / AVOID,406762,378195,1.0755,False,-0.0566,-50.01,11228617.0,2026-10-01
PRVA,PRVA,index,20.03,22.8157,21.4432,-0.002764,Stage 4 (Declining),SELL / AVOID,1406113,1223686,1.1491,False,-0.0659,-50.01,24510437.0,2026-10-01
BF-B,BF-B,index,25.97,26.3309,27.116,-0.003835,Stage 4 (Declining),SELL / AVOID,2032246,2309808,0.8798,False,-0.0423,-50.01,59985736.0,2026-10-01
PRKS,PRKS,index,31.18,39.2423,40.727,-0.00556,Stage 4 (Declining),SELL / AVOID,705337,692752,1.0182,False,-0.2344,-50.01,21600031.0,2026-10-01
AIG,AIG,index,75.43,75.885,76.2626,-0.006885,Stage 4 (Declining),SELL / AVOID,5279580,3876403,1.362,False,-0.0109,-50.01,292397125.0,2026-10-01
SYF,SYF,index,71.51,73.1865,76.6488,-0.007769,Stage 4 (Declining),SELL / AVOID,2853745,3161720,0.9026,False,-0.067,-50.01,226094668.0,2026-10-01
MC,MC,index,56.95,63.319,64.8969,-0.007823,Stage 4 (Declining),SELL / AVOID,1330365,867991,1.5327,False,-0.1225,-50.01,49432105.0,2026-10-01
CSR,CSR,index,54.35,57.9145,54.3984,-0.008175,Stage 4 (Declining),SELL / AVOID,246297,247427,0.9954,False,-0.0009,-50.01,13447708.0,2026-10-01
PEG,PEG,index,67.89,77.1702,72.9183,-0.009894,Stage 4 (Declining),SELL / AVOID,4348742,3074702,1.4144,False,-0.069,-50.01,208741574.0,2026-10-01
TKO,TKO,index,176.04,191.9931,187.6648,-0.012756,Stage 4 (Declining),SELL / AVOID,1305486,1126893,1.1585,False,-0.0619,-50.01,198378363.0,2026-10-01
BANF,BANF,index,106.49,110.7129,111.0587,-0.014144,Stage 4 (Declining),SELL / AVOID,179178,134579,1.3314,False,-0.0411,-50.01,14331377.0,2026-10-01
RSG,RSG,index,206.98,214.4943,216.9526,-0.021397,Stage 4 (Declining),SELL / AVOID,1490461,1510123,0.987,False,-0.046,-50.01,312565298.0,2026-10-01
AMT,AMT,index,161.3586,173.4395,171.1668,-0.021639,Stage 4 (Declining),SELL / AVOID,863963,2584161,0.3343,False,-0.0573,-50.01,416976635.0,2026-10-01
ENSG,ENSG,index,169.63,180.3076,176.5493,-0.026191,Stage 4 (Declining),SELL / AVOID,432322,361238,1.1968,False,-0.0392,-50.01,61276878.0,2026-10-01
LAD,LAD,index,306.07,307.125,356.2496,-0.032228,Stage 4 (Declining),SELL / AVOID,402854,306539,1.3142,False,-0.1409,-50.01,93822418.0,2026-10-01
RCL,RCL,index,269.99,279.1534,280.8567,-0.034536,Stage 4 (Declining),SELL / AVOID,3040286,2483213,1.2243,False,-0.0387,-50.01,670442848.0,2026-10-01
HII,HII,index,274.33,325.9605,293.928,-0.03802,Stage 4 (Declining),SELL / AVOID,807202,507888,1.5893,False,-0.0667,-50.01,139328919.0,2026-10-01
ALHC,ALHC,index,7.74,17.0988,12.7953,-0.00295,Stage 4 (Declining),SELL / AVOID,19081687,8084733,2.3602,False,-0.3951,-50.02,62575837.0,2026-10-01
MRP,MRP,index,25.2,28.5239,29.2216,-0.004791,Stage 4 (Declining),SELL / AVOID,3632625,1427776,2.5443,False,-0.1376,-50.02,35979969.0,2026-10-01
GNTX,GNTX,index,21.95,23.1309,23.0712,-0.004862,Stage 4 (Declining),SELL / AVOID,2385228,2451728,0.9729,False,-0.0486,-50.02,53815444.0,2026-10-01
TDS,TDS,index,35.2,39.1702,35.0635,-0.008096,Stage 4 (Declining),SELL / AVOID,1781698,1336169,1.3334,False,0.0039,-50.02,47033184.0,2026-10-01
SUPN,SUPN,index,42.18,47.4927,44.8232,-0.008522,Stage 4 (Declining),SELL / AVOID,420000,774816,0.5421,False,-0.059,-50.02,32681739.0,2026-10-01
RLI,RLI,index,56.18,56.923,61.7495,-0.014188,Stage 4 (Declining),SELL / AVOID,908211,729208,1.2455,False,-0.0902,-50.02,40966918.0,2026-10-01
IR,IR,index,75.25,79.4261,79.3615,-0.014251,Stage 4 (Declining),SELL / AVOID,5112223,4323722,1.1824,False,-0.0518,-50.02,325360115.0,2026-10-01
HQY,HQY,index,89.37,89.7092,98.3536,-0.014531,Stage 4 (Declining),SELL / AVOID,726531,855692,0.8491,False,-0.0913,-50.02,76473252.0,2026-10-01
MGEE,MGEE,index,70.05,77.2225,77.2231,-0.015589,Stage 4 (Declining),SELL / AVOID,173327,183304,0.9456,False,-0.0929,-50.02,12840484.0,2026-10-01
RBA,RBA,index,81.59,99.3665,89.7607,-0.015625,Stage 4 (Declining),SELL / AVOID,2567743,1875516,1.3691,False,-0.091,-50.02,153023414.0,2026-10-01
WFC,WFC,index,80.25,82.2309,86.1785,-0.016679,Stage 4 (Declining),SELL / AVOID,15957122,13175712,1.2111,False,-0.0688,-50.02,1057350923.0,2026-10-01
ROAD,ROAD,index,90.15,112.2413,104.4217,-0.016947,Stage 4 (Declining),SELL / AVOID,521561,662339,0.7875,False,-0.1367,-50.02,59709882.0,2026-10-01
LCII,LCII,index,82.11,106.4071,98.008,-0.022696,Stage 4 (Declining),SELL / AVOID,350279,294557,1.1892,False,-0.1622,-50.02,24186123.0,2026-10-01
KMB,KMB,index,94.34,100.9389,104.6622,-0.025139,Stage 4 (Declining),SELL / AVOID,6022926,3960034,1.5209,False,-0.0986,-50.02,373589642.0,2026-10-01
WMS,WMS,index,126.86,141.385,136.9833,-0.026459,Stage 4 (Declining),SELL / AVOID,538530,715434,0.7527,False,-0.0739,-50.02,90760034.0,2026-10-01
BDC,BDC,index,108.28,116.8734,118.4943,-0.028105,Stage 4 (Declining),SELL / AVOID,384380,439653,0.8743,False,-0.0862,-50.02,47605691.0,2026-10-01
HWKN,HWKN,index,127.19,143.8063,126.9977,-0.030294,Stage 4 (Declining),SELL / AVOID,164492,172475,0.9537,False,0.0015,-50.02,21937203.0,2026-10-01
DKS,DKS,index,132.85,194.8694,161.7048,-0.042976,Stage 4 (Declining),SELL / AVOID,2928601,3525646,0.8307,False,-0.1784,-50.02,468382095.0,2026-10-01
SHW,SHW,index,320.78,327.3863,338.4847,-0.077363,Stage 4 (Declining),SELL / AVOID,1615260,1822277,0.8864,False,-0.0523,-50.02,584550078.0,2026-10-01
LII,LII,index,360.46,474.0002,404.2334,-0.116525,Stage 4 (Declining),SELL / AVOID,548737,548890,0.9997,False,-0.1083,-50.02,197853151.0,2026-10-01
MPT,MPT,index,3.37,4.4789,3.9866,-0.001521,Stage 4 (Declining),SELL / AVOID,12541447,8992908,1.3946,False,-0.1547,-50.03,30306102.0,2026-10-01
WU,WU,index,6.02,7.6385,6.8249,-0.002448,Stage 4 (Declining),SELL / AVOID,9670802,10430288,0.9272,False,-0.1179,-50.03,62790334.0,2026-10-01
STWD,STWD,index,13.18,15.9109,15.2217,-0.003985,Stage 4 (Declining),SELL / AVOID,8307771,4575313,1.8158,False,-0.1341,-50.03,60302632.0,2026-10-01
T,T,index,24.3,24.7884,24.9398,-0.006798,Stage 4 (Declining),SELL / AVOID,25269532,41743116,0.6054,False,-0.0257,-50.03,1014357703.0,2026-10-01
SARO,SARO,index,21.17,26.4476,25.6482,-0.007479,Stage 4 (Declining),SELL / AVOID,3958496,3641745,1.087,False,-0.1746,-50.03,77095761.0,2026-10-01
KR,KR,index,59.48,62.7927,57.9823,-0.019103,Stage 4 (Declining),SELL / AVOID,7941280,7068241,1.1235,False,0.0258,-50.03,420419007.0,2026-10-01
SF,SF,index,70.34,75.6177,79.3977,-0.019468,Stage 4 (Declining),SELL / AVOID,1203034,1201728,1.0011,False,-0.1141,-50.03,84529591.0,2026-10-01
WAL,WAL,index,75.7,77.9462,79.6851,-0.019928,Stage 4 (Declining),SELL / AVOID,1422673,1048549,1.3568,False,-0.05,-50.03,79375191.0,2026-10-01
STC,STC,index,50.66,65.4099,65.5555,-0.020402,Stage 4 (Declining),SELL / AVOID,645927,264180,2.445,False,-0.2272,-50.03,13383386.0,2026-10-01
RPM,RPM,index,99.22,104.1337,106.1462,-0.027267,Stage 4 (Declining),SELL / AVOID,987098,1221809,0.8079,False,-0.0653,-50.03,121227986.0,2026-10-01
ZBH,ZBH,index,88.06,90.9538,95.8666,-0.027269,Stage 4 (Declining),SELL / AVOID,2123236,2153044,0.9862,False,-0.0814,-50.03,189597113.0,2026-10-01
DHI,DHI,index,137.06,146.2735,144.2061,-0.039213,Stage 4 (Declining),SELL / AVOID,4000674,2451381,1.632,False,-0.0496,-50.03,335986340.0,2026-10-01
VMC,VMC,index,243.98,277.4555,265.6564,-0.077559,Stage 4 (Declining),SELL / AVOID,2105377,1122427,1.8757,False,-0.0816,-50.03,273849866.0,2026-10-01
AON,AON,index,275.95,328.7524,330.7325,-0.091039,Stage 4 (Declining),SELL / AVOID,1908310,1615112,1.1815,False,-0.1656,-50.03,445690231.0,2026-10-01
MCO,MCO,index,447.36,462.8396,481.2665,-0.155532,Stage 4 (Declining),SELL / AVOID,1535657,761465,2.0167,False,-0.0705,-50.03,340649034.0,2026-10-01
XRAY,XRAY,index,8.74,11.3982,11.214,-0.00422,Stage 4 (Declining),SELL / AVOID,5934650,4608539,1.2878,False,-0.2206,-50.04,40278630.0,2026-10-01
DEI,DEI,index,9.71,10.7651,11.0064,-0.004312,Stage 4 (Declining),SELL / AVOID,2823055,1882289,1.4998,False,-0.1178,-50.04,18277027.0,2026-10-01
BXMT,BXMT,index,11.3,16.0198,13.4632,-0.005621,Stage 4 (Declining),SELL / AVOID,3757807,2526630,1.4873,False,-0.1607,-50.04,28550921.0,2026-10-01
ADNT,ADNT,index,17.57,20.3909,19.1614,-0.007983,Stage 4 (Declining),SELL / AVOID,1266172,983881,1.2869,False,-0.0831,-50.04,17286797.0,2026-10-01
RYN,RYN,index,18.22,20.492,20.5098,-0.008125,Stage 4 (Declining),SELL / AVOID,3522853,3348579,1.052,False,-0.1116,-50.04,61011108.0,2026-10-01
GEN,GEN,index,22.25,24.3039,28.0148,-0.010894,Stage 4 (Declining),SELL / AVOID,10716107,7891538,1.3579,False,-0.2058,-50.04,175586724.0,2026-10-01
VICI,VICI,index,22.73,26.3291,25.0799,-0.011073,Stage 4 (Declining),SELL / AVOID,9561565,10089793,0.9476,False,-0.0937,-50.04,229340997.0,2026-10-01
CCL,CCL,index,25.07,26.1937,25.2288,-0.011311,Stage 4 (Declining),SELL / AVOID,26432479,22009187,1.201,False,-0.0063,-50.04,551770326.0,2026-10-01
WMG,WMG,index,27.05,28.0178,27.2661,-0.011666,Stage 4 (Declining),SELL / AVOID,2846017,2142746,1.3282,False,-0.0079,-50.04,57961287.0,2026-10-01
CARG,CARG,index,29.73,33.6097,34.855,-0.014211,Stage 4 (Declining),SELL / AVOID,2150164,1041967,2.0636,False,-0.147,-50.04,30977687.0,2026-10-01
PAHC,PAHC,index,35.87,40.4807,35.6652,-0.01643,Stage 4 (Declining),SELL / AVOID,274956,227707,1.2075,False,0.0057,-50.04,8167854.0,2026-10-01
APAM,APAM,index,36.2,37.1341,39.8609,-0.016587,Stage 4 (Declining),SELL / AVOID,1246020,848546,1.4684,False,-0.0918,-50.04,30717380.0,2026-10-01
GXO,GXO,index,45.96,50.7676,47.5124,-0.019116,Stage 4 (Declining),SELL / AVOID,1557699,1450785,1.0737,False,-0.0327,-50.04,66678122.0,2026-10-01
GGG,GGG,index,77.76,79.6225,79.3132,-0.03279,Stage 4 (Declining),SELL / AVOID,1047880,1934295,0.5417,False,-0.0196,-50.04,150410830.0,2026-10-01
CWST,CWST,index,78.07,88.0163,89.7478,-0.038749,Stage 4 (Declining),SELL / AVOID,712170,523939,1.3593,False,-0.1301,-50.04,40903949.0,2026-10-01
APO,APO,index,114.34,122.9151,128.5794,-0.044234,Stage 4 (Declining),SELL / AVOID,4248792,3200493,1.3275,False,-0.1107,-50.04,365944454.0,2026-10-01
FCN,FCN,index,141.72,159.0594,149.9726,-0.056313,Stage 4 (Declining),SELL / AVOID,731703,445874,1.6411,False,-0.055,-50.04,63189272.0,2026-10-01
NXST,NXST,index,158.61,188.2265,177.993,-0.073456,Stage 4 (Declining),SELL / AVOID,339132,355152,0.9549,False,-0.1089,-50.04,56330760.0,2026-10-01
MRSH,MRSH,index,171.85,174.5303,183.9844,-0.077965,Stage 4 (Declining),SELL / AVOID,2202038,2481930,0.8872,False,-0.066,-50.04,426519816.0,2026-10-01
AN,AN,index,164.99,195.4921,197.684,-0.084752,Stage 4 (Declining),SELL / AVOID,802831,517680,1.5508,False,-0.1654,-50.04,85412128.0,2026-10-01
FSLR,FSLR,index,172.11,218.2257,208.1408,-0.088505,Stage 4 (Declining),SELL / AVOID,2541065,2401441,1.0581,False,-0.1731,-50.04,413312064.0,2026-10-01
NOC,NOC,index,482.0,578.362,537.8681,-0.215372,Stage 4 (Declining),SELL / AVOID,1038192,762813,1.361,False,-0.1039,-50.04,367676271.0,2026-10-01
DCH,DCH,index,5.43,5.965,6.1416,-0.003114,Stage 4 (Declining),SELL / AVOID,3816547,3283224,1.1624,False,-0.1159,-50.05,17827911.0,2026-10-01
HAYW,HAYW,index,12.24,14.4904,14.1,-0.007384,Stage 4 (Declining),SELL / AVOID,3269449,2999660,1.0899,False,-0.1319,-50.05,36715850.0,2026-10-01
CMCSA,CMCSA,index,21.7,25.6032,24.699,-0.012969,Stage 4 (Declining),SELL / AVOID,20030389,28625725,0.6997,False,-0.1214,-50.05,621178271.0,2026-10-01
KRC,KRC,index,33.3,33.6817,35.7983,-0.017992,Stage 4 (Declining),SELL / AVOID,1250235,1313722,0.9517,False,-0.0698,-50.05,43746965.0,2026-10-01
NSSC,NSSC,index,36.19,38.615,36.8425,-0.019328,Stage 4 (Declining),SELL / AVOID,345589,394091,0.8769,False,-0.0177,-50.05,14262181.0,2026-10-01
BXP,BXP,index,60.24,60.9292,66.2019,-0.030106,Stage 4 (Declining),SELL / AVOID,1408505,1404396,1.0029,False,-0.0901,-50.05,84600823.0,2026-10-01
PIPR,PIPR,index,65.78,76.7754,74.2423,-0.03881,Stage 4 (Declining),SELL / AVOID,1013660,658509,1.5393,False,-0.114,-50.05,43316734.0,2026-10-01
AGO,AGO,index,68.27,78.4911,75.3847,-0.03931,Stage 4 (Declining),SELL / AVOID,553403,441382,1.2538,False,-0.0944,-50.05,30133152.0,2026-10-01
CCI,CCI,index,66.12,80.2051,73.262,-0.043558,Stage 4 (Declining),SELL / AVOID,3510484,3577691,0.9812,False,-0.0975,-50.05,236556984.0,2026-10-01
BCO,BCO,index,99.97,107.4874,110.8872,-0.055942,Stage 4 (Declining),SELL / AVOID,402469,471081,0.8544,False,-0.0985,-50.05,47094006.0,2026-10-01
PJT,PJT,index,140.3,156.5848,166.9903,-0.083497,Stage 4 (Declining),SELL / AVOID,477871,422785,1.1303,False,-0.1598,-50.05,59316796.0,2026-10-01
EXP,EXP,index,173.07,201.9893,196.4561,-0.096262,Stage 4 (Declining),SELL / AVOID,420569,448791,0.9371,False,-0.119,-50.05,77672327.0,2026-10-01
TTWO,TTWO,index,203.62,222.7077,226.7572,-0.110966,Stage 4 (Declining),SELL / AVOID,2654231,2504702,1.0597,False,-0.102,-50.05,510007535.0,2026-10-01
AXP,AXP,index,302.09,322.5287,328.2152,-0.148945,Stage 4 (Declining),SELL / AVOID,3710863,2927953,1.2674,False,-0.0796,-50.05,884505390.0,2026-10-01
TLN,TLN,index,323.09,346.1277,320.207,-0.188719,Stage 4 (Declining),SELL / AVOID,1124164,841091,1.3366,False,0.009,-50.05,271748179.0,2026-10-01
TDG,TDG,index,1097.24,1215.7599,1181.6438,-0.608705,Stage 4 (Declining),SELL / AVOID,401757,406669,0.9879,False,-0.0714,-50.05,446213643.0,2026-10-01
EVTC,EVTC,index,27.39,28.1114,29.5711,-0.015889,Stage 4 (Declining),SELL / AVOID,366656,425457,0.8618,False,-0.0738,-50.06,11653270.0,2026-10-01
DMC,DMC,index,29.56,33.6312,30.6935,-0.020892,Stage 4 (Declining),SELL / AVOID,419733,390054,1.0761,False,-0.0369,-50.06,11530016.0,2026-10-01
UFPI,UFPI,index,77.08,86.7802,85.2943,-0.050722,Stage 4 (Declining),SELL / AVOID,365149,441994,0.8261,False,-0.0963,-50.06,34068974.0,2026-10-01
CALM,CALM,index,65.84,79.7005,79.2548,-0.051434,Stage 4 (Declining),SELL / AVOID,2168309,1021852,2.1219,False,-0.1693,-50.06,67278744.0,2026-10-01
ORLY,ORLY,index,85.03,89.898,88.4042,-0.058356,Stage 4 (Declining),SELL / AVOID,4293776,6001445,0.7155,False,-0.0382,-50.06,510302905.0,2026-10-01
DIS,DIS,index,101.33,101.356,104.1098,-0.05862,Stage 4 (Declining),SELL / AVOID,8594319,9535582,0.9013,False,-0.0267,-50.06,966240580.0,2026-10-01
PAYX,PAYX,index,100.84,102.4427,117.2142,-0.064362,Stage 4 (Declining),SELL / AVOID,4151221,3039196,1.3659,False,-0.1397,-50.06,306472556.0,2026-10-01
LNN,LNN,index,112.38,114.7844,115.3435,-0.06437,Stage 4 (Declining),SELL / AVOID,154904,143562,1.079,False,-0.0257,-50.06,16133506.0,2026-10-01
INGR,INGR,index,94.91,104.086,101.5264,-0.066207,Stage 4 (Declining),SELL / AVOID,678387,641147,1.0581,False,-0.0652,-50.06,60851334.0,2026-10-01
USLM,USLM,index,111.36,115.5209,115.5555,-0.072892,Stage 4 (Declining),SELL / AVOID,168414,157050,1.0724,False,-0.0363,-50.06,17489119.0,2026-10-01
MCD,MCD,index,231.83,278.9316,258.8,-0.171919,Stage 4 (Declining),SELL / AVOID,5775360,5113675,1.1294,False,-0.1042,-50.06,1185503331.0,2026-10-01
MLM,MLM,index,479.17,567.7111,522.5676,-0.357526,Stage 4 (Declining),SELL / AVOID,807854,737533,1.0953,False,-0.083,-50.06,353403736.0,2026-10-01
RITM,RITM,index,8.75,9.3964,9.8032,-0.00703,Stage 4 (Declining),SELL / AVOID,10783204,5732018,1.8812,False,-0.1074,-50.07,50155158.0,2026-10-01
NXRT,NXRT,index,18.86,25.2482,23.0763,-0.01788,Stage 4 (Declining),SELL / AVOID,1151482,571811,2.0137,False,-0.1827,-50.07,10784368.0,2026-10-01
BTU,BTU,index,24.74,27.1948,25.7829,-0.01951,Stage 4 (Declining),SELL / AVOID,1850965,2460255,0.7523,False,-0.0405,-50.07,60866716.0,2026-10-01
ALK,ALK,index,39.49,43.22,43.4544,-0.031243,Stage 4 (Declining),SELL / AVOID,2860979,2638751,1.0842,False,-0.0912,-50.07,104204304.0,2026-10-01
JEF,JEF,index,45.25,49.9059,52.3038,-0.035573,Stage 4 (Declining),SELL / AVOID,2855409,2125286,1.3435,False,-0.1349,-50.07,96169200.0,2026-10-01
CVNA,CVNA,index,63.04,68.3198,68.6746,-0.046469,Stage 4 (Declining),SELL / AVOID,11067783,8950565,1.2365,False,-0.082,-50.07,564243667.0,2026-10-01
COO,COO,index,57.41,67.9297,67.2324,-0.047891,Stage 4 (Declining),SELL / AVOID,4387375,3284963,1.3356,False,-0.1461,-50.07,188589754.0,2026-10-01
EEFT,EEFT,index,63.64,71.0369,70.9424,-0.04952,Stage 4 (Declining),SELL / AVOID,558129,657452,0.8489,False,-0.1029,-50.07,41840282.0,2026-10-01
ANIP,ANIP,index,72.96,77.9005,75.4402,-0.050716,Stage 4 (Declining),SELL / AVOID,262785,391231,0.6717,False,-0.0329,-50.07,28544264.0,2026-10-01
LRN,LRN,index,77.52,87.6453,82.9162,-0.063253,Stage 4 (Declining),SELL / AVOID,604660,886181,0.6823,False,-0.0651,-50.07,68696764.0,2026-10-01
BIDU,BIDU,index,85.59,113.0535,97.4012,-0.078406,Stage 4 (Declining),SELL / AVOID,1932472,2697825,0.7163,False,-0.1213,-50.07,230906870.0,2026-10-01
JBTM,JBTM,index,106.86,128.1592,119.5704,-0.09462,Stage 4 (Declining),SELL / AVOID,516796,601609,0.859,False,-0.1063,-50.07,64288036.0,2026-10-01
VRTS,VRTS,index,132.78,144.0756,154.6562,-0.10059,Stage 4 (Declining),SELL / AVOID,111857,135553,0.8252,False,-0.1415,-50.07,17998746.0,2026-10-01
COF,COF,index,194.48,197.3893,210.9374,-0.147713,Stage 4 (Declining),SELL / AVOID,3608639,3457160,1.0438,False,-0.078,-50.07,672348614.0,2026-10-01
AYI,AYI,index,299.28,308.4836,330.7222,-0.223231,Stage 4 (Declining),SELL / AVOID,819794,291113,2.8161,False,-0.0951,-50.07,87124562.0,2026-10-01
HCA,HCA,index,423.39,429.779,414.9674,-0.31275,Stage 4 (Declining),SELL / AVOID,1098134,1423128,0.7716,False,0.0203,-50.07,602538473.0,2026-10-01
WEN,WEN,index,6.25,7.272,7.6249,-0.005907,Stage 4 (Declining),SELL / AVOID,6300429,7983662,0.7892,False,-0.1803,-50.08,49897891.0,2026-10-01
PMT,PMT,index,7.76,10.1141,9.202,-0.007888,Stage 4 (Declining),SELL / AVOID,2939208,1538724,1.9102,False,-0.1567,-50.08,11940500.0,2026-10-01
SRPT,SRPT,index,17.57,18.6594,18.8232,-0.014666,Stage 4 (Declining),SELL / AVOID,2837486,2975113,0.9537,False,-0.0666,-50.08,52272747.0,2026-10-01
REZI,REZI,index,18.17,22.9734,21.0171,-0.017618,Stage 4 (Declining),SELL / AVOID,2197744,2391840,0.9189,False,-0.1355,-50.08,43459738.0,2026-10-01
FG,FG,index,21.98,25.8134,24.8813,-0.020077,Stage 4 (Declining),SELL / AVOID,802987,640595,1.2535,False,-0.1166,-50.08,14080294.0,2026-10-01
CMG,CMG,index,32.32,33.7152,34.6776,-0.026068,Stage 4 (Declining),SELL / AVOID,18370726,16169694,1.1361,False,-0.068,-50.08,522604522.0,2026-10-01
FNF,FNF,index,39.11,47.0401,46.2517,-0.036614,Stage 4 (Declining),SELL / AVOID,3937575,2206879,1.7842,False,-0.1544,-50.08,86311059.0,2026-10-01
CNM,CNM,index,41.38,47.1389,43.6892,-0.039314,Stage 4 (Declining),SELL / AVOID,1899673,2293175,0.8284,False,-0.0529,-50.08,94891603.0,2026-10-01
TRU,TRU,index,62.18,73.6769,77.9018,-0.058866,Stage 4 (Declining),SELL / AVOID,3740286,2340627,1.598,False,-0.2018,-50.08,145540232.0,2026-10-01
CLX,CLX,index,80.65,97.0477,95.5683,-0.076761,Stage 4 (Declining),SELL / AVOID,3727575,3003183,1.2412,False,-0.1561,-50.08,242206754.0,2026-10-01
JKHY,JKHY,index,143.84,150.4311,157.1344,-0.127141,Stage 4 (Declining),SELL / AVOID,924708,983464,0.9403,False,-0.0846,-50.08,141461481.0,2026-10-01
ALG,ALG,index,156.36,164.5186,164.8508,-0.130514,Stage 4 (Declining),SELL / AVOID,176138,172150,1.0232,False,-0.0515,-50.08,26917493.0,2026-10-01
GPOR,GPOR,index,153.35,177.4219,166.4164,-0.143631,Stage 4 (Declining),SELL / AVOID,176378,291531,0.605,False,-0.0785,-50.08,44706367.0,2026-10-01
LOW,LOW,index,182.38,219.6258,205.4848,-0.183086,Stage 4 (Declining),SELL / AVOID,4262351,3158313,1.3496,False,-0.1124,-50.08,576013144.0,2026-10-01
IBP,IBP,index,192.7,241.154,225.0845,-0.204059,Stage 4 (Declining),SELL / AVOID,581496,378873,1.5348,False,-0.1439,-50.08,73009003.0,2026-10-01
HD,HD,index,282.46,325.7911,321.9361,-0.263755,Stage 4 (Declining),SELL / AVOID,7761072,4330933,1.792,False,-0.1226,-50.08,1223315422.0,2026-10-01
SLM,SLM,index,22.61,23.3396,25.7645,-0.021429,Stage 4 (Declining),SELL / AVOID,2559038,2220014,1.1527,False,-0.1224,-50.09,50194535.0,2026-10-01
LKQ,LKQ,index,22.78,26.4165,24.377,-0.024879,Stage 4 (Declining),SELL / AVOID,2320540,3435816,0.6754,False,-0.0655,-50.09,78267909.0,2026-10-01
IP,IP,index,32.52,35.9815,38.2391,-0.031385,Stage 4 (Declining),SELL / AVOID,6282384,4958791,1.2669,False,-0.1496,-50.09,161259908.0,2026-10-01
EPAC,EPAC,index,34.97,35.7626,36.3206,-0.031775,Stage 4 (Declining),SELL / AVOID,378191,391835,0.9652,False,-0.0372,-50.09,13702499.0,2026-10-01
LAZ,LAZ,index,36.44,43.0413,41.4288,-0.039238,Stage 4 (Declining),SELL / AVOID,1464908,1668538,0.878,False,-0.1204,-50.09,60801528.0,2026-10-01
BKE,BKE,index,42.69,46.5042,43.114,-0.039607,Stage 4 (Declining),SELL / AVOID,434798,460601,0.944,False,-0.0098,-50.09,19663097.0,2026-10-01
KBH,KBH,index,46.54,53.0632,52.9811,-0.048886,Stage 4 (Declining),SELL / AVOID,1214374,1260461,0.9634,False,-0.1216,-50.09,58661878.0,2026-10-01
AOS,AOS,index,56.67,61.2553,60.1596,-0.052847,Stage 4 (Declining),SELL / AVOID,2113765,1515151,1.3951,False,-0.058,-50.09,85863621.0,2026-10-01
POST,POST,index,72.83,91.7203,81.9104,-0.081042,Stage 4 (Declining),SELL / AVOID,695315,994696,0.699,False,-0.1109,-50.09,72443733.0,2026-10-01
EXE,EXE,index,85.96,95.1271,92.9823,-0.085341,Stage 4 (Declining),SELL / AVOID,3552664,3157185,1.1253,False,-0.0755,-50.09,271391644.0,2026-10-01
CRH,CRH,index,81.7,102.6666,93.011,-0.09173,Stage 4 (Declining),SELL / AVOID,5290218,4974194,1.0635,False,-0.1216,-50.09,406391664.0,2026-10-01
CBRE,CBRE,index,130.53,139.8474,144.1158,-0.130076,Stage 4 (Declining),SELL / AVOID,1873726,1796588,1.0429,False,-0.0943,-50.09,234508697.0,2026-10-01
TMUS,TMUS,index,161.73,187.1571,175.9765,-0.17588,Stage 4 (Declining),SELL / AVOID,3784454,4873291,0.7766,False,-0.081,-50.09,788157346.0,2026-10-01
OSIS,OSIS,index,196.62,236.0643,212.0576,-0.202571,Stage 4 (Declining),SELL / AVOID,174917,245392,0.7128,False,-0.0728,-50.09,48249041.0,2026-10-01
TSLA,"TESLA, INC.",index|guide,354.11,379.0759,346.5658,-0.330756,Stage 4 (Declining),SELL / AVOID,30181665,38848947,0.7769,False,0.0218,-50.09,13756800159.0,2026-10-01
ARLO,ARLO,index,12.77,13.6554,13.6486,-0.013677,Stage 4 (Declining),SELL / AVOID,1337170,1310671,1.0202,False,-0.0644,-50.1,16737274.0,2026-10-01
SLVM,SLVM,index,33.17,38.9683,36.7574,-0.038676,Stage 4 (Declining),SELL / AVOID,663215,295668,2.2431,False,-0.0976,-50.1,9807317.0,2026-10-01
MP,MP,index,46.09,55.7912,50.9706,-0.053436,Stage 4 (Declining),SELL / AVOID,6798893,6153315,1.1049,False,-0.0958,-50.1,283606329.0,2026-10-01
TBBK,TBBK,index,48.94,59.027,61.6904,-0.057853,Stage 4 (Declining),SELL / AVOID,517022,502758,1.0284,False,-0.2067,-50.1,24604997.0,2026-10-01
JJSF,JJSF,index,77.58,78.9043,82.8002,-0.077954,Stage 4 (Declining),SELL / AVOID,186401,215930,0.8632,False,-0.063,-50.1,16751851.0,2026-10-01
BKNG,BKNG,index,160.28,177.5287,189.5313,-0.179778,Stage 4 (Declining),SELL / AVOID,6457159,6990047,0.9238,False,-0.1543,-50.1,1120364753.0,2026-10-01
STE,STE,index,209.34,218.4775,223.5855,-0.218332,Stage 4 (Declining),SELL / AVOID,583904,679554,0.8592,False,-0.0637,-50.1,142257849.0,2026-10-01
SYK,SYK,index,272.96,318.4935,311.1341,-0.30885,Stage 4 (Declining),SELL / AVOID,2179664,2678257,0.8138,False,-0.1227,-50.1,731057084.0,2026-10-01
WINA,WINA,index,299.46,375.75,327.4655,-0.38104,Stage 4 (Declining),SELL / AVOID,57889,69363,0.8346,False,-0.0855,-50.1,20771677.0,2026-10-01
SPGI,SPGI,index,388.16,409.4075,417.3753,-0.416463,Stage 4 (Declining),SELL / AVOID,2926986,2006453,1.4588,False,-0.07,-50.1,778825083.0,2026-10-01
BASF.NS,BASF INDIA LIMITED,guide,3447.8,3611.1897,3779.4109,-3.729856,Stage 4 (Declining),SELL / AVOID,10894,44793,0.2432,False,-0.0877,-50.1,154437652.0,2026-09-30
BBWI,BBWI,index,16.4,19.0008,18.5379,-0.020337,Stage 4 (Declining),SELL / AVOID,5136749,6273800,0.8188,False,-0.1153,-50.11,102890334.0,2026-10-01
AMTM,AMTM,index,18.48,23.3599,20.8774,-0.026808,Stage 4 (Declining),SELL / AVOID,1724071,2086351,0.8264,False,-0.1148,-50.11,38555773.0,2026-10-01
LPX,LPX,index,64.55,72.8147,70.4643,-0.081556,Stage 4 (Declining),SELL / AVOID,1716915,1142410,1.5029,False,-0.0839,-50.11,73742588.0,2026-10-01
SFM,SFM,index,64.48,79.2121,77.529,-0.084151,Stage 4 (Declining),SELL / AVOID,2748270,1937927,1.4181,False,-0.1683,-50.11,124957565.0,2026-10-01
CHDN,CHDN,index,74.82,87.4221,85.3678,-0.097232,Stage 4 (Declining),SELL / AVOID,1040817,1105086,0.9418,False,-0.1236,-50.11,82682560.0,2026-10-01
BOOT,BOOT,index,120.98,157.3635,147.8636,-0.174076,Stage 4 (Declining),SELL / AVOID,504856,706601,0.7145,False,-0.1818,-50.11,85484606.0,2026-10-01
AWI,AWI,index,162.68,165.6512,171.6159,-0.175823,Stage 4 (Declining),SELL / AVOID,254568,421891,0.6034,False,-0.0521,-50.11,68633283.0,2026-10-01
ABG,ABG,index,178.47,202.4151,208.0812,-0.228594,Stage 4 (Declining),SELL / AVOID,286894,252487,1.1363,False,-0.1423,-50.11,45061512.0,2026-10-01
IBM,IBM,index,225.62,242.8887,231.1607,-0.260798,Stage 4 (Declining),SELL / AVOID,8752095,6190865,1.4137,False,-0.024,-50.11,1396783134.0,2026-10-01
PSHG,Performance Shipping Inc.,guide,1.75,1.8155,1.753,-0.002159,Stage 4 (Declining),SELL / AVOID,27369,50007,0.5473,False,-0.0017,-50.12,87513.0,2026-10-01
ADT,ADT,index,6.23,6.8499,7.1253,-0.00791,Stage 4 (Declining),SELL / AVOID,8875919,7769152,1.1425,False,-0.1256,-50.12,48401819.0,2026-10-01
FBRT,FBRT,index,6.47,7.9829,7.5982,-0.009429,Stage 4 (Declining),SELL / AVOID,1683577,2004735,0.8398,False,-0.1485,-50.12,12970639.0,2026-10-01
MARA,MARA,index,11.21,11.4886,11.2816,-0.013313,Stage 4 (Declining),SELL / AVOID,30213568,46521627,0.6495,False,-0.0063,-50.12,521507444.0,2026-10-01
CAG,CAG,index,13.2,14.6086,15.1698,-0.017743,Stage 4 (Declining),SELL / AVOID,27149798,12140413,2.2363,False,-0.1298,-50.12,160253462.0,2026-10-01
FBIN,FBIN,index,38.52,42.9414,44.6006,-0.053406,Stage 4 (Declining),SELL / AVOID,3218347,2422964,1.3283,False,-0.1363,-50.12,93332611.0,2026-10-01
LW,LW,index,41.18,45.4783,50.314,-0.05546,Stage 4 (Declining),SELL / AVOID,1998158,1623061,1.2311,False,-0.1815,-50.12,66837659.0,2026-10-01
GEHC,GEHC,index,63.98,67.6592,68.6712,-0.079211,Stage 4 (Declining),SELL / AVOID,3304975,3850025,0.8584,False,-0.0683,-50.12,246324630.0,2026-10-01
CRCL,"CIRCLE INTERNET GROUP, INC.",guide,82.91,90.4866,81.0216,-0.107895,Stage 4 (Declining),SELL / AVOID,9206141,13804954,0.6669,False,0.0233,-50.12,1144568855.0,2026-10-01
CWK,CWK,index,12.06,13.2613,13.3712,-0.016604,Stage 4 (Declining),SELL / AVOID,3668291,1865601,1.9663,False,-0.0981,-50.13,22499159.0,2026-10-01
ACI,ACI,index,11.72,14.5277,12.072,-0.019262,Stage 4 (Declining),SELL / AVOID,5978075,8824949,0.6774,False,-0.0292,-50.13,103428410.0,2026-10-01
NCLH,NCLH,index,14.64,18.3695,16.8524,-0.023586,Stage 4 (Declining),SELL / AVOID,26148825,17100464,1.5291,False,-0.1313,-50.13,250350806.0,2026-10-01
MOS,MOS,index,21.55,23.4103,23.4451,-0.030559,Stage 4 (Declining),SELL / AVOID,11873886,8108675,1.4643,False,-0.0808,-50.13,174741956.0,2026-10-01
ENOV,ENOV,index,18.05,23.6287,23.2014,-0.031329,Stage 4 (Declining),SELL / AVOID,1114806,1546546,0.7208,False,-0.222,-50.13,27915156.0,2026-10-01
NRG,NRG,index,96.93,134.8829,115.1041,-0.175966,Stage 4 (Declining),SELL / AVOID,2637964,2966619,0.8892,False,-0.1579,-50.13,287554408.0,2026-10-01
VST,VST,index,139.75,151.9082,143.6975,-0.19065,Stage 4 (Declining),SELL / AVOID,4740050,4599131,1.0306,False,-0.0275,-50.13,642728557.0,2026-10-01
LOPE,LOPE,index,153.71,155.2837,148.9878,-0.206481,Stage 4 (Declining),SELL / AVOID,317499,322293,0.9851,False,0.0317,-50.13,49539810.0,2026-10-01
AZO,AZO,index,2819.03,3207.5868,2966.2838,-4.320685,Stage 4 (Declining),SELL / AVOID,300681,294095,1.0224,False,-0.0496,-50.13,829064384.0,2026-10-01
NVR,NVR,index,6126.3799,6405.6418,6287.0632,-8.449098,Stage 4 (Declining),SELL / AVOID,49024,36554,1.3411,False,-0.0256,-50.13,223946631.0,2026-10-01
HIVE,HIVE DIGITAL TECHNOLOGIES LTD.,guide,2.92,2.9601,2.9572,-0.004108,Stage 4 (Declining),SELL / AVOID,8342615,17985376,0.4639,False,-0.0126,-50.14,52517300.0,2026-10-01
WGO,WGO,index,26.37,30.3418,29.6946,-0.042235,Stage 4 (Declining),SELL / AVOID,802229,522342,1.5358,False,-0.112,-50.14,13774174.0,2026-10-01
LVS,LVS,index,36.69,48.6861,44.014,-0.068063,Stage 4 (Declining),SELL / AVOID,6289640,5497132,1.1442,False,-0.1664,-50.14,201689795.0,2026-10-01
ARE,ARE,index,47.03,48.1547,50.2884,-0.069015,Stage 4 (Declining),SELL / AVOID,3202790,1987611,1.6114,False,-0.0648,-50.14,93477381.0,2026-10-01
OTIS,OTIS,index,64.48,73.946,70.4057,-0.100186,Stage 4 (Declining),SELL / AVOID,5897883,3936551,1.4982,False,-0.0842,-50.14,253828864.0,2026-10-01
PATK,PATK,index,66.56,91.5066,79.6572,-0.12549,Stage 4 (Declining),SELL / AVOID,559802,520656,1.0752,False,-0.1644,-50.14,34654865.0,2026-10-01
WYNN,WYNN,index,77.3,98.6459,93.091,-0.141985,Stage 4 (Declining),SELL / AVOID,2839704,1925494,1.4748,False,-0.1696,-50.14,148840698.0,2026-10-01
BX,BX,index,112.24,122.0141,132.5168,-0.175753,Stage 4 (Declining),SELL / AVOID,5795253,4395051,1.3186,False,-0.153,-50.14,493300522.0,2026-10-01
KNSL,KNSL,index,334.53,342.5263,363.9013,-0.485365,Stage 4 (Declining),SELL / AVOID,275870,239235,1.1531,False,-0.0807,-50.14,80031418.0,2026-10-01
IDXX,IDXX,index,517.75,560.0271,544.216,-0.786384,Stage 4 (Declining),SELL / AVOID,319337,546468,0.5844,False,-0.0486,-50.14,282934190.0,2026-10-01
VNT,VNT,index,31.69,32.6314,32.4142,-0.050501,Stage 4 (Declining),SELL / AVOID,1132078,1448111,0.7818,False,-0.0223,-50.15,45890656.0,2026-10-01
KBR,KBR,index,35.05,35.8761,36.7003,-0.052912,Stage 4 (Declining),SELL / AVOID,1652011,1474744,1.1202,False,-0.045,-50.15,51689784.0,2026-10-01
PBH,PBH,index,44.77,52.5324,49.9744,-0.078898,Stage 4 (Declining),SELL / AVOID,632442,556360,1.1367,False,-0.1041,-50.15,24908275.0,2026-10-01
SGI,SGI,index,62.75,71.329,65.7252,-0.10784,Stage 4 (Declining),SELL / AVOID,3536541,3397416,1.0409,False,-0.0453,-50.15,213187905.0,2026-10-01
UBER,UBER,index,67.88,73.3165,73.0494,-0.10826,Stage 4 (Declining),SELL / AVOID,17238297,18926497,0.9108,False,-0.0708,-50.15,1284730628.0,2026-10-01
BAH,BAH,index,70.47,74.0994,74.2521,-0.11295,Stage 4 (Declining),SELL / AVOID,2999163,1877133,1.5977,False,-0.0509,-50.15,132281583.0,2026-10-01
ITRI,ITRI,index,86.24,89.8154,96.0856,-0.138705,Stage 4 (Declining),SELL / AVOID,792223,805936,0.983,False,-0.1025,-50.15,69503959.0,2026-10-01
PRIM,PRIM,index,76.25,110.656,78.148,-0.16548,Stage 4 (Declining),SELL / AVOID,1291600,1240874,1.0409,False,-0.0243,-50.15,94616642.0,2026-10-01
XYL,XYL,index,100.88,115.3918,112.2775,-0.172097,Stage 4 (Declining),SELL / AVOID,2874711,2229772,1.2892,False,-0.1015,-50.15,224939415.0,2026-10-01
MELI,MELI,index,1685.12,1769.7561,1862.303,-2.618493,Stage 4 (Declining),SELL / AVOID,706005,528312,1.3363,False,-0.0951,-50.15,890269283.0,2026-10-01
YELP,YELP,index,18.11,24.1472,22.6228,-0.038469,Stage 4 (Declining),SELL / AVOID,1778313,1222904,1.4542,False,-0.1995,-50.16,22146797.0,2026-10-01
RH,RH,index,120.51,146.6839,152.9628,-0.234192,Stage 4 (Declining),SELL / AVOID,729514,765148,0.9534,False,-0.2122,-50.16,92208021.0,2026-10-01
VRSK,VRSK,index,168.38,183.7485,184.3356,-0.294326,Stage 4 (Declining),SELL / AVOID,1212908,1395624,0.8691,False,-0.0866,-50.16,234995203.0,2026-10-01
CG,CG,index,40.39,46.0362,45.3722,-0.078157,Stage 4 (Declining),SELL / AVOID,3838939,3735568,1.0277,False,-0.1098,-50.17,150879621.0,2026-10-01
ARES,ARES,index,116.57,120.7545,132.2166,-0.199538,Stage 4 (Declining),SELL / AVOID,2280739,2266510,1.0063,False,-0.1183,-50.17,264207161.0,2026-10-01
ERIE,ERIE,index,222.11,237.7668,245.293,-0.409658,Stage 4 (Declining),SELL / AVOID,132715,266894,0.4973,False,-0.0945,-50.17,59279893.0,2026-10-01
CEG,CEG,index,258.92,278.9335,271.6873,-0.473738,Stage 4 (Declining),SELL / AVOID,4202200,2793992,1.504,False,-0.047,-50.17,723420446.0,2026-10-01
DPZ,DPZ,index,295.0,333.7969,329.9981,-0.572261,Stage 4 (Declining),SELL / AVOID,619213,808828,0.7656,False,-0.1061,-50.17,238604337.0,2026-10-01
PTON,PTON,index,4.97,5.2575,5.4397,-0.009378,Stage 4 (Declining),SELL / AVOID,7943246,8764762,0.9063,False,-0.0863,-50.18,43560870.0,2026-10-01
AMSF,AMSF,index,23.68,29.7641,26.2514,-0.052692,Stage 4 (Declining),SELL / AVOID,494702,483288,1.0236,False,-0.098,-50.18,11444261.0,2026-10-01
COLL,COLL,index,21.84,32.234,27.0266,-0.059471,Stage 4 (Declining),SELL / AVOID,1000104,818372,1.2221,False,-0.1919,-50.18,17873246.0,2026-10-01
GIS,GIS,index,31.67,36.0242,37.2628,-0.065215,Stage 4 (Declining),SELL / AVOID,16984715,9468152,1.7939,False,-0.1501,-50.18,299856384.0,2026-10-01
ESAB,ESAB,index,67.11,90.595,77.9902,-0.161951,Stage 4 (Declining),SELL / AVOID,787259,815817,0.965,False,-0.1395,-50.18,54749491.0,2026-10-01
KKR,KKR,index,91.24,97.8151,103.3926,-0.179174,Stage 4 (Declining),SELL / AVOID,6444015,4326016,1.4896,False,-0.1175,-50.18,394705718.0,2026-10-01
ISRG,ISRG,index,401.24,419.8921,378.84,-0.735612,Stage 4 (Declining),SELL / AVOID,1508469,2627489,0.5741,False,0.0591,-50.18,1054253813.0,2026-10-01
GT,GT,index,5.03,6.4267,6.0182,-0.011985,Stage 4 (Declining),SELL / AVOID,10800994,9066797,1.1913,False,-0.1642,-50.19,45605995.0,2026-10-01
ROL,ROL,index,30.57,45.6532,35.4209,-0.087537,Stage 4 (Declining),SELL / AVOID,7946920,6516990,1.2194,False,-0.1369,-50.19,199224395.0,2026-10-01
MKC,MKC,index,44.14,51.3998,51.7924,-0.098043,Stage 4 (Declining),SELL / AVOID,8897146,3129444,2.843,False,-0.1478,-50.19,138133697.0,2026-10-01
BRO,BRO,index,61.77,65.2671,68.7134,-0.124559,Stage 4 (Declining),SELL / AVOID,2803887,2189103,1.2808,False,-0.101,-50.19,135220939.0,2026-10-01
ABT,ABT,index,96.69,98.9977,106.9032,-0.186043,Stage 4 (Declining),SELL / AVOID,8478872,8515077,0.9957,False,-0.0955,-50.19,823322858.0,2026-10-01
EFX,EFX,index,139.73,173.8364,173.6145,-0.325824,Stage 4 (Declining),SELL / AVOID,1887256,1457993,1.2944,False,-0.1952,-50.19,203725372.0,2026-10-01
OPCH,OPCH,index,22.58,24.0993,23.4962,-0.04846,Stage 4 (Declining),SELL / AVOID,1614085,2241411,0.7201,False,-0.039,-50.2,50611076.0,2026-10-01
FND,FND,index,46.03,52.8002,52.5766,-0.107818,Stage 4 (Declining),SELL / AVOID,3310051,2513199,1.3171,False,-0.1245,-50.2,115682548.0,2026-10-01
KRMN,KRMN,index,31.89,61.6825,45.6038,-0.126326,Stage 4 (Declining),SELL / AVOID,2354432,3178654,0.7407,False,-0.3007,-50.2,101367295.0,2026-10-01
NFLX,NFLX,index,67.85,83.5052,75.6012,-0.167156,Stage 4 (Declining),SELL / AVOID,40329315,33183714,1.2153,False,-0.1025,-50.2,2251514965.0,2026-10-01
ADSK,ADSK,index,211.31,231.197,233.2762,-0.465911,Stage 4 (Declining),SELL / AVOID,2282609,2160020,1.0568,False,-0.0942,-50.2,456433859.0,2026-10-01
AXON,AXON,index,422.21,483.9185,531.361,-0.967756,Stage 4 (Declining),SELL / AVOID,827214,962734,0.8592,False,-0.2054,-50.2,406476032.0,2026-10-01
CXM,CXM,index,5.22,5.7643,6.3088,-0.011888,Stage 4 (Declining),SELL / AVOID,4730017,3462532,1.3661,False,-0.1726,-50.21,18074418.0,2026-10-01
STEP,STEP,index,44.71,46.9679,47.4846,-0.100778,Stage 4 (Declining),SELL / AVOID,1777854,1203565,1.4772,False,-0.0584,-50.21,53811394.0,2026-10-01
SHAK,SHAK,index,60.19,72.6113,65.5568,-0.153177,Stage 4 (Declining),SELL / AVOID,1465963,1573587,0.9316,False,-0.0819,-50.21,94714215.0,2026-10-01
BMI,BMI,index,128.37,134.7489,131.3325,-0.285493,Stage 4 (Declining),SELL / AVOID,378651,388317,0.9751,False,-0.0226,-50.21,49848254.0,2026-10-01
HLI,HLI,index,128.38,140.064,130.8938,-0.288217,Stage 4 (Declining),SELL / AVOID,801650,890361,0.9004,False,-0.0192,-50.21,114304550.0,2026-10-01
RDDT,RDDT,index,149.53,158.87,156.741,-0.334141,Stage 4 (Declining),SELL / AVOID,4009669,6358357,0.6306,False,-0.046,-50.21,950765171.0,2026-10-01
TRIP,TRIP,index,8.375,11.0785,10.4393,-0.023899,Stage 4 (Declining),SELL / AVOID,3159725,3874566,0.8155,False,-0.1977,-50.22,32449494.0,2026-10-01
JBGS,JBGS,index,10.37,13.6334,11.8912,-0.030156,Stage 4 (Declining),SELL / AVOID,1006737,961308,1.0473,False,-0.1279,-50.22,9968772.0,2026-10-01
EYE,EYE,index,16.4,20.7855,18.6403,-0.045611,Stage 4 (Declining),SELL / AVOID,1706306,2215708,0.7701,False,-0.1202,-50.22,36337612.0,2026-10-01
CPB,CPB,index,19.49,21.5598,22.069,-0.046837,Stage 4 (Declining),SELL / AVOID,7451135,7051466,1.0567,False,-0.1169,-50.22,137433084.0,2026-10-01
PPC,PPC,index,25.2,31.0938,29.154,-0.067139,Stage 4 (Declining),SELL / AVOID,2209515,1529510,1.4446,False,-0.1356,-50.22,38543661.0,2026-10-01
GPI,GPI,index,256.7,305.313,273.7162,-0.679416,Stage 4 (Declining),SELL / AVOID,320203,238938,1.3401,False,-0.0622,-50.22,61335403.0,2026-10-01
PZZA,PZZA,index,19.6,30.554,23.8722,-0.070349,Stage 4 (Declining),SELL / AVOID,1356596,1561685,0.8687,False,-0.179,-50.23,30609045.0,2026-10-01
CPRT,CPRT,index,27.29,31.6765,30.4912,-0.073519,Stage 4 (Declining),SELL / AVOID,7281096,10758279,0.6768,False,-0.105,-50.23,293593469.0,2026-10-01
POOL,POOL,index,160.67,194.6947,182.7815,-0.453805,Stage 4 (Declining),SELL / AVOID,717602,781278,0.9185,False,-0.121,-50.23,125527941.0,2026-10-01
SLV.CN,Silver Dollar Resources Inc,guide,0.26,0.3096,0.2863,-0.000729,Stage 4 (Declining),SELL / AVOID,67799,125004,0.5424,False,-0.0919,-50.24,32501.0,2026-10-01
BSY,BSY,index,32.75,33.7023,34.1728,-0.080459,Stage 4 (Declining),SELL / AVOID,1958710,2660756,0.7361,False,-0.0416,-50.24,87139766.0,2026-10-01
ROCK,ROCK,index,39.73,41.9593,45.2628,-0.101337,Stage 4 (Declining),SELL / AVOID,375084,331203,1.1325,False,-0.1222,-50.24,13158722.0,2026-10-01
TRMB,TRMB,index,57.53,59.3137,58.1004,-0.14457,Stage 4 (Declining),SELL / AVOID,3712393,3115595,1.1916,False,-0.0098,-50.24,179240226.0,2026-10-01
THO,THO,index,69.05,76.8992,75.434,-0.185083,Stage 4 (Declining),SELL / AVOID,783171,681051,1.1499,False,-0.0846,-50.24,47026603.0,2026-10-01
PINS,PINS,index,19.46,20.6319,21.6148,-0.05195,Stage 4 (Declining),SELL / AVOID,12842247,12863544,0.9983,False,-0.0997,-50.25,250324573.0,2026-10-01
LEN,LEN,index,82.11,87.7776,83.7652,-0.217078,Stage 4 (Declining),SELL / AVOID,8880519,3586018,2.4764,False,-0.0198,-50.25,294447971.0,2026-10-01
PDD,PDD,index,76.5,90.1144,83.9298,-0.224307,Stage 4 (Declining),SELL / AVOID,4785225,6354384,0.7531,False,-0.0885,-50.25,486110414.0,2026-10-01
APP,APP,index,281.31,426.9776,333.3268,-1.058908,Stage 4 (Declining),SELL / AVOID,7930120,5874052,1.35,False,-0.1561,-50.25,1652429666.0,2026-10-01
PCT,"PURECYCLE TECHNOLOGIES, INC.",guide,4.29,7.3526,6.2147,-0.019481,Stage 4 (Declining),SELL / AVOID,5789688,4328659,1.3375,False,-0.3097,-50.26,18569950.0,2026-10-01
APTV,APTV,index,43.97,58.0093,47.9236,-0.153035,Stage 4 (Declining),SELL / AVOID,2582455,4530341,0.57,False,-0.0825,-50.26,199199104.0,2026-10-01
ADBE,ADBE,index,241.28,245.772,257.9758,-0.629549,Stage 4 (Declining),SELL / AVOID,4490841,5128346,0.8757,False,-0.0647,-50.26,1237367514.0,2026-10-01
MBC,MBC,index,7.01,8.4832,8.214,-0.022751,Stage 4 (Declining),SELL / AVOID,2268501,2464898,0.9203,False,-0.1466,-50.27,17278936.0,2026-10-01
BFAM,BFAM,index,64.83,72.9617,71.073,-0.197137,Stage 4 (Declining),SELL / AVOID,639080,828277,0.7716,False,-0.0878,-50.27,53697238.0,2026-10-01
MIR,MIR,index,14.35,17.5541,15.5672,-0.048465,Stage 4 (Declining),SELL / AVOID,3684291,3896203,0.9456,False,-0.0782,-50.28,55910526.0,2026-10-01
MMS,MMS,index,53.53,61.1518,57.3212,-0.171545,Stage 4 (Declining),SELL / AVOID,990860,646893,1.5317,False,-0.0661,-50.28,34628192.0,2026-10-01
CRK,CRK,index,12.84,15.5006,13.7846,-0.044828,Stage 4 (Declining),SELL / AVOID,2387686,2546817,0.9375,False,-0.0685,-50.29,32701140.0,2026-10-01
CALX,CALX,index,34.9,41.3521,36.8618,-0.120865,Stage 4 (Declining),SELL / AVOID,1300540,1005074,1.294,False,-0.0532,-50.29,35077112.0,2026-10-01
MZTI,MZTI,index,99.69,118.3736,107.581,-0.337659,Stage 4 (Declining),SELL / AVOID,542861,388077,1.3988,False,-0.0733,-50.29,38687419.0,2026-10-01
ORCL,ORCL,index,138.07,158.682,143.1468,-0.454064,Stage 4 (Declining),SELL / AVOID,18943121,30506860,0.6209,False,-0.0355,-50.29,4212082442.0,2026-10-01
WD,WD,index,34.53,46.126,41.7864,-0.136409,Stage 4 (Declining),SELL / AVOID,564109,460026,1.2263,False,-0.1737,-50.3,15884703.0,2026-10-01
GSHD,GSHD,index,47.15,49.8855,61.324,-0.14802,Stage 4 (Declining),SELL / AVOID,619006,480356,1.2886,False,-0.2311,-50.3,22648792.0,2026-10-01
PNR,PNR,index,52.88,73.7052,61.192,-0.221633,Stage 4 (Declining),SELL / AVOID,2901335,3253346,0.8918,False,-0.1358,-50.3,172036977.0,2026-10-01
HLNE,HLNE,index,88.57,91.6646,95.8307,-0.272016,Stage 4 (Declining),SELL / AVOID,686182,662897,1.0351,False,-0.0758,-50.3,58712844.0,2026-10-01
LULU,LULU,index,95.86,129.3812,112.258,-0.391655,Stage 4 (Declining),SELL / AVOID,5313461,5092977,1.0433,False,-0.1461,-50.3,488212799.0,2026-10-01
LDOS,LDOS,index,121.97,134.1855,130.015,-0.403427,Stage 4 (Declining),SELL / AVOID,1061023,1370798,0.774,False,-0.0619,-50.3,167196290.0,2026-10-01
FICO,FICO,index,661.75,1120.3546,1039.3268,-3.369361,Stage 4 (Declining),SELL / AVOID,2914430,565116,5.1572,False,-0.3633,-50.3,373965910.0,2026-10-01
FLO,FLO,index,5.56,7.5142,6.6368,-0.022945,Stage 4 (Declining),SELL / AVOID,6809220,7098112,0.9593,False,-0.1622,-50.31,39465505.0,2026-10-01
VYX,VYX,index,6.84,7.4653,8.0076,-0.023361,Stage 4 (Declining),SELL / AVOID,2712352,2671341,1.0154,False,-0.1458,-50.31,18271973.0,2026-10-01
DFH,DFH,index,10.89,14.5253,13.5272,-0.044678,Stage 4 (Declining),SELL / AVOID,1039775,804383,1.2926,False,-0.195,-50.31,8759737.0,2026-10-01
PSN,PSN,index,41.01,52.4063,47.1392,-0.161447,Stage 4 (Declining),SELL / AVOID,1283772,1503861,0.8537,False,-0.13,-50.31,61673355.0,2026-10-01
OLED,OLED,index,77.39,87.7169,82.1082,-0.269974,Stage 4 (Declining),SELL / AVOID,439755,765767,0.5743,False,-0.0575,-50.31,59262715.0,2026-10-01
CHTR,CHTR,index,111.37,163.0666,140.6016,-0.511442,Stage 4 (Declining),SELL / AVOID,2972398,3118037,0.9533,False,-0.2079,-50.31,347255896.0,2026-10-01
KTOS,KTOS,index,42.82,60.0754,51.2904,-0.190915,Stage 4 (Declining),SELL / AVOID,4492439,3824906,1.1745,False,-0.1651,-50.32,163782507.0,2026-10-01
PSKY,PSKY,index,9.34,10.077,9.8472,-0.032785,Stage 4 (Declining),SELL / AVOID,44119917,17248132,2.558,False,-0.0515,-50.33,161097559.0,2026-10-01
KMPR,KMPR,index,25.94,28.3506,27.3444,-0.093179,Stage 4 (Declining),SELL / AVOID,807839,882356,0.9155,False,-0.0514,-50.33,22888335.0,2026-10-01
FIS,FIS,index,33.1,42.271,39.728,-0.1404,Stage 4 (Declining),SELL / AVOID,6647100,6304014,1.0544,False,-0.1668,-50.33,208662854.0,2026-10-01
TMDX,TMDX,index,78.64,89.3197,85.0802,-0.299197,Stage 4 (Declining),SELL / AVOID,865031,813206,1.0637,False,-0.0757,-50.33,63950568.0,2026-10-01
NKE,NKE,index,35.15,43.414,38.8489,-0.146765,Stage 4 (Declining),SELL / AVOID,74679321,29714296,2.5132,False,-0.0952,-50.34,1044457565.0,2026-10-01
ZTS,ZTS,index,69.1,89.0413,74.4946,-0.313807,Stage 4 (Declining),SELL / AVOID,4695979,5478509,0.8572,False,-0.0724,-50.35,378565004.0,2026-10-01
TRUP,TRUP,index,23.7,25.6253,26.834,-0.091519,Stage 4 (Declining),SELL / AVOID,358298,503431,0.7117,False,-0.1168,-50.36,11931338.0,2026-10-01
ABR,ABR,index,3.71,5.7661,4.7962,-0.021259,Stage 4 (Declining),SELL / AVOID,6964668,4463851,1.5602,False,-0.2265,-50.37,16560889.0,2026-10-01
LZ,LZ,index,5.73,6.323,6.277,-0.023086,Stage 4 (Declining),SELL / AVOID,2836804,2868716,0.9889,False,-0.0871,-50.37,16437743.0,2026-10-01
OI,OI,index,5.65,8.8413,6.912,-0.032676,Stage 4 (Declining),SELL / AVOID,3766766,3386197,1.1124,False,-0.1826,-50.37,19132015.0,2026-10-01
QUBT,QUANTUM COMPUTING INC.,guide,8.39,8.8145,8.4187,-0.032694,Stage 4 (Declining),SELL / AVOID,4416119,7588614,0.5819,False,-0.0034,-50.37,63668477.0,2026-10-01
RUN,RUN,index,7.64,11.7498,9.1269,-0.04325,Stage 4 (Declining),SELL / AVOID,7648324,8346940,0.9163,False,-0.1629,-50.37,63770624.0,2026-10-01
CHWY,CHWY,index,17.72,22.725,21.9662,-0.084046,Stage 4 (Declining),SELL / AVOID,7704806,8421912,0.9149,False,-0.1933,-50.37,149236277.0,2026-10-01
GPK,GPK,index,8.96,10.2216,10.5852,-0.038616,Stage 4 (Declining),SELL / AVOID,8390449,5640344,1.4876,False,-0.1535,-50.38,50537491.0,2026-10-01
TSCO,TSCO,index,31.73,35.5323,33.4015,-0.136585,Stage 4 (Declining),SELL / AVOID,11657987,10505189,1.1097,False,-0.05,-50.38,333329666.0,2026-10-01
ACM,ACM,index,59.6,74.1505,66.0552,-0.283555,Stage 4 (Declining),SELL / AVOID,1336476,2073419,0.6446,False,-0.0977,-50.38,123575800.0,2026-10-01
FOUR,FOUR,index,35.58,44.8141,44.689,-0.177171,Stage 4 (Declining),SELL / AVOID,4655847,1979280,2.3523,False,-0.2038,-50.4,70422819.0,2026-10-01
LEU,LEU,index,139.11,180.4633,169.6722,-0.730278,Stage 4 (Declining),SELL / AVOID,538978,671005,0.8032,False,-0.1801,-50.4,93343584.0,2026-10-01
ACHR,ARCHER AVIATION INC.,guide,5.03,5.6918,5.5972,-0.023311,Stage 4 (Declining),SELL / AVOID,19671952,30920813,0.6362,False,-0.1013,-50.41,155531696.0,2026-10-01
AORT,AORT,index,21.93,28.2896,25.9674,-0.115684,Stage 4 (Declining),SELL / AVOID,491689,671647,0.7321,False,-0.1555,-50.41,14729236.0,2026-10-01
PEGA,PEGA,index,34.43,35.7297,33.66,-0.151824,Stage 4 (Declining),SELL / AVOID,1391119,2310980,0.602,False,0.0229,-50.42,79567055.0,2026-10-01
CELH,CELH,index,27.41,32.3354,29.395,-0.139797,Stage 4 (Declining),SELL / AVOID,5558036,9663982,0.5751,False,-0.0675,-50.43,264889765.0,2026-10-01
FISV,FISV,index,45.38,54.2127,51.0892,-0.237066,Stage 4 (Declining),SELL / AVOID,6024367,7532827,0.7997,False,-0.1117,-50.44,341839713.0,2026-10-01
FMC,FMC,index,8.56,12.5456,10.7213,-0.056487,Stage 4 (Declining),SELL / AVOID,8534743,3688192,2.3141,False,-0.2016,-50.45,31570932.0,2026-10-01
LIF,LIF,index,40.3,46.1195,47.0242,-0.222564,Stage 4 (Declining),SELL / AVOID,657865,765043,0.8599,False,-0.143,-50.48,30831244.0,2026-10-01
WING,WING,index,104.36,148.8846,114.4917,-0.743022,Stage 4 (Declining),SELL / AVOID,873639,1320838,0.6614,False,-0.0885,-50.5,137842736.0,2026-10-01
WHR,WHR,index,30.48,44.4921,37.7082,-0.225265,Stage 4 (Declining),SELL / AVOID,2996897,2565517,1.1681,False,-0.1917,-50.51,78196986.0,2026-10-01
BL,BL,index,27.48,31.0147,30.1024,-0.160657,Stage 4 (Declining),SELL / AVOID,918480,1025753,0.8954,False,-0.0871,-50.52,28187708.0,2026-10-01
AVAV,AVAV,index,140.31,174.5031,158.457,-0.904886,Stage 4 (Declining),SELL / AVOID,1260660,1651909,0.7632,False,-0.1145,-50.52,231779376.0,2026-10-01
SMPL,SMPL,index,9.88,12.1635,10.5626,-0.06479,Stage 4 (Declining),SELL / AVOID,2221308,2201460,1.009,False,-0.0646,-50.53,21750427.0,2026-10-01
PLNT,PLNT,index,41.85,58.0586,50.358,-0.31326,Stage 4 (Declining),SELL / AVOID,2151491,2346055,0.9171,False,-0.169,-50.54,98182432.0,2026-10-01
HUBS,HUBS,index,217.45,224.1805,230.1988,-1.2983,Stage 4 (Declining),SELL / AVOID,1147518,1864282,0.6155,False,-0.0554,-50.58,405388193.0,2026-10-01
BSX,BSX,index,43.23,53.2651,46.896,-0.313736,Stage 4 (Declining),SELL / AVOID,17645046,20894968,0.8445,False,-0.0782,-50.59,903289497.0,2026-10-01
PODD,PODD,index,130.79,168.8095,145.769,-0.999038,Stage 4 (Declining),SELL / AVOID,2434699,1700941,1.4314,False,-0.1028,-50.59,222466190.0,2026-10-01
INTU,INTU,index,282.78,346.6183,323.3822,-2.052911,Stage 4 (Declining),SELL / AVOID,4016725,3889298,1.0328,False,-0.1256,-50.59,1099815825.0,2026-10-01
QDEL,QDEL,index,10.38,14.5789,13.7114,-0.089562,Stage 4 (Declining),SELL / AVOID,2758225,1468862,1.8778,False,-0.243,-50.61,15246793.0,2026-10-01
CAT.CN,CAT STRATEGIC METALS CORPORATION,guide,0.02,0.0458,0.0274,-0.000294,Stage 4 (Declining),SELL / AVOID,0,75951,0.0,False,-0.2701,-50.64,1519.0,2026-09-30
UPWK,UPWK,index,8.34,9.592,8.7636,-0.061239,Stage 4 (Declining),SELL / AVOID,2657790,3269313,0.813,False,-0.0483,-50.64,27266078.0,2026-10-01
CCOI,CCOI,index,8.23,15.2743,10.1129,-0.097341,Stage 4 (Declining),SELL / AVOID,3038671,1950211,1.5581,False,-0.1862,-50.64,16050239.0,2026-10-01
AGNT,AGNT,index,3.56,4.9908,4.0387,-0.034476,Stage 4 (Declining),SELL / AVOID,1734718,1610552,1.0771,False,-0.1185,-50.69,5733566.0,2026-10-01
CSGP,CSGP,index,27.72,33.9698,30.276,-0.263161,Stage 4 (Declining),SELL / AVOID,4610980,7044675,0.6545,False,-0.0844,-50.77,195278403.0,2026-10-01
KD,KD,index,12.12,12.594,12.8768,-0.097686,Stage 4 (Declining),SELL / AVOID,10544363,4196671,2.5126,False,-0.0588,-50.78,50863655.0,2026-10-01
BKKT,"BAKKT, INC.",guide,7.71,8.5113,7.8598,-0.070396,Stage 4 (Declining),SELL / AVOID,1101875,1327707,0.8299,False,-0.0191,-50.83,10236625.0,2026-10-01
TTD,"THE TRADE DESK, INC.",index|guide,12.1,19.3799,14.6188,-0.160742,Stage 4 (Declining),SELL / AVOID,14135714,26211914,0.5393,False,-0.1723,-50.83,317164173.0,2026-10-01
GTM,GTM,index,3.85,4.3659,3.8304,-0.041824,Stage 4 (Declining),SELL / AVOID,4740635,6243762,0.7593,False,0.0051,-50.96,24038486.0,2026-10-01
VRRM,VRRM,index,2.99,8.5246,4.1984,-0.103098,Stage 4 (Declining),SELL / AVOID,5083505,5934528,0.8566,False,-0.2878,-51.21,17744239.0,2026-10-01
